name,ID,ALIGN,EYE,HAIR,SEX,ALIVE
Spider-Man (Peter Parker),Secret Identity,Good Characters,Hazel Eyes,Brown Hair,Male Characters,Living Characters
Captain America (Steven Rogers),Public Identity,Good Characters,Blue Eyes,White Hair,Male Characters,Living Characters
"Wolverine (James \""Logan\"" Howlett)",Public Identity,Neutral Characters,Blue Eyes,Black Hair,Male Characters,Living Characters
"Iron Man (Anthony \""Tony\"" Stark)",Public Identity,Good Characters,Blue Eyes,Black Hair,Male Characters,Living Characters
Thor (Thor Odinson),No Dual Identity,Good Characters,Blue Eyes,Blond Hair,Male Characters,Living Characters
Benjamin Grimm (Earth-616),Public Identity,Good Characters,Blue Eyes,No Hair,Male Characters,Living Characters
Reed Richards (Earth-616),Public Identity,Good Characters,Brown Eyes,Brown Hair,Male Characters,Living Characters
Hulk (Robert Bruce Banner),Public Identity,Good Characters,Brown Eyes,Brown Hair,Male Characters,Living Characters
Scott Summers (Earth-616),Public Identity,Neutral Characters,Brown Eyes,Brown Hair,Male Characters,Living Characters
Jonathan Storm (Earth-616),Public Identity,Good Characters,Blue Eyes,Blond Hair,Male Characters,Living Characters
Henry McCoy (Earth-616),Public Identity,Good Characters,Blue Eyes,Blue Hair,Male Characters,Living Characters
Susan Storm (Earth-616),Public Identity,Good Characters,Blue Eyes,Blond Hair,Female Characters,Living Characters
Namor McKenzie (Earth-616),No Dual Identity,Neutral Characters,Green Eyes,Black Hair,Male Characters,Living Characters
Ororo Munroe (Earth-616),Public Identity,Good Characters,Blue Eyes,White Hair,Female Characters,Living Characters
Clinton Barton (Earth-616),Public Identity,Good Characters,Blue Eyes,Blond Hair,Male Characters,Living Characters
Matthew Murdock (Earth-616),Public Identity,Good Characters,Blue Eyes,Red Hair,Male Characters,Living Characters
Stephen Strange (Earth-616),Public Identity,Good Characters,Grey Eyes,Black Hair,Male Characters,Living Characters
Mary Jane Watson (Earth-616),No Dual Identity,Good Characters,Green Eyes,Red Hair,Female Characters,Living Characters
John Jonah Jameson (Earth-616),No Dual Identity,Neutral Characters,Blue Eyes,Black Hair,Male Characters,Living Characters
Robert Drake (Earth-616),Secret Identity,Good Characters,Brown Eyes,Brown Hair,Male Characters,Living Characters
Henry Pym (Earth-616),Public Identity,Good Characters,Blue Eyes,Blond Hair,Male Characters,Living Characters
Charles Xavier (Earth-616),Public Identity,Good Characters,Blue Eyes,Bald,Male Characters,Deceased Characters
Warren Worthington III (Earth-616),Public Identity,Good Characters,Blue Eyes,Blond Hair,Male Characters,Living Characters
Piotr Rasputin (Earth-616),Secret Identity,Good Characters,Blue Eyes,Black Hair,Male Characters,Living Characters
Wanda Maximoff (Earth-616),Public Identity,Good Characters,Green Eyes,Brown Hair,Female Characters,Living Characters
Nicholas Fury (Earth-616),No Dual Identity,Neutral Characters,Brown Eyes,Brown Hair,Male Characters,Living Characters
Janet van Dyne (Earth-616),Public Identity,Good Characters,Blue Eyes,Auburn Hair,Female Characters,Living Characters
Jean Grey (Earth-616),Public Identity,Good Characters,Green Eyes,Red Hair,Female Characters,Deceased Characters
Natalia Romanova (Earth-616),Public Identity,Good Characters,Green Eyes,Red Hair,Female Characters,Living Characters
Kurt Wagner (Earth-616),Secret Identity,Good Characters,Yellow Eyes,Blue Hair,Male Characters,Living Characters
Vision (Earth-616),Secret Identity,Good Characters,Gold Eyes,No Hair,Male Characters,Living Characters
May Reilly (Earth-616),No Dual Identity,Good Characters,Blue Eyes,Grey Hair,Female Characters,Living Characters
Katherine Pryde (Earth-616),Secret Identity,Good Characters,Hazel Eyes,Brown Hair,Female Characters,Living Characters
Carol Danvers (Earth-616),Public Identity,Good Characters,Blue Eyes,Blond Hair,Female Characters,Living Characters
Jennifer Walters (Earth-616),Public Identity,Good Characters,Green Eyes,Brown Hair,Female Characters,Living Characters
Emma Frost (Earth-616),Public Identity,Neutral Characters,Blue Eyes,Brown Hair,Female Characters,Living Characters
Frank Castle (Earth-616),Public Identity,Neutral Characters,Blue Eyes,Black Hair,Male Characters,Living Characters
Luke Cage (Earth-616),No Dual Identity,Good Characters,Brown Eyes,Black Hair,Male Characters,Living Characters
Rogue (Anna Marie) (Earth-616),Secret Identity,Good Characters,Green Eyes,Auburn Hair,Female Characters,Living Characters
Conan (Earth-616),No Dual Identity,Neutral Characters,Blue Eyes,Black Hair,Male Characters,Living Characters
Joseph Robertson (Earth-616),No Dual Identity,Good Characters,Brown Eyes,White Hair,Male Characters,Living Characters
Pietro Maximoff (Earth-616),Public Identity,Good Characters,Blue Eyes,Silver Hair,Male Characters,Living Characters
Hercules (Earth-616),No Dual Identity,Good Characters,Blue Eyes,Brown Hair,Male Characters,Living Characters
Victor von Doom (Earth-616),Public Identity,Bad Characters,Brown Eyes,Brown Hair,Male Characters,Living Characters
Max Eisenhardt (Earth-616),Public Identity,Neutral Characters,Grey Eyes,Bald,Male Characters,Living Characters
Elizabeth Braddock (Earth-616),Secret Identity,Neutral Characters,Blue Eyes,Purple Hair,Female Characters,Living Characters
Norrin Radd (Earth-616),Public Identity,Good Characters,Blue Eyes,Bald,Male Characters,Living Characters
Norman Osborn (Earth-616),Public Identity,Bad Characters,Blue Eyes,Auburn Hair,Male Characters,Living Characters
Eugene Thompson (Earth-616),Secret Identity,Good Characters,Blue Eyes,Strawberry Blond Hair,Male Characters,Living Characters
Simon Williams (Earth-616),Public Identity,Good Characters,Red Eyes,Grey Hair,Male Characters,Living Characters
Samuel Guthrie (Earth-616),Secret Identity,Good Characters,Blue Eyes,Blond Hair,Male Characters,Living Characters
James Buchanan Barnes (Earth-616),Secret Identity,Good Characters,Brown Eyes,Brown Hair,Male Characters,Living Characters
Remy LeBeau (Earth-616),Secret Identity,Good Characters,Black Eyeballs,Brown Hair,Male Characters,Living Characters
Daniel Rand (Earth-616),Secret Identity,Good Characters,Blue Eyes,Blond Hair,Male Characters,Living Characters
Nathan Summers (Earth-616),Public Identity,Neutral Characters,Blue Eyes,White Hair,Male Characters,Living Characters
Elizabeth Brant (Earth-616),No Dual Identity,Good Characters,Brown Eyes,Brown Hair,Female Characters,Living Characters
Richard Jones (Earth-616),Secret Identity,Good Characters,Brown Eyes,Brown Hair,Male Characters,Living Characters
Edwin Jarvis (Earth-616),No Dual Identity,Good Characters,Blue Eyes,White Hair,Male Characters,Living Characters
Alexander Summers (Earth-616),Public Identity,Good Characters,Blue Eyes,Blond Hair,Male Characters,Living Characters
Patricia Walker (Earth-616),Secret Identity,Good Characters,Blue Eyes,Red Hair,Female Characters,Living Characters
Human Torch (Android) (Earth-616),Public Identity,Good Characters,Blue Eyes,Blond Hair,Male Characters,Living Characters
Loki Laufeyson (Earth-616),No Dual Identity,Neutral Characters,Green Eyes,Black Hair,Genderfluid Characters,Living Characters
Franklin Nelson (Earth-616),No Dual Identity,Good Characters,Blue Eyes,Bald,Male Characters,Living Characters
Brian Braddock (Earth-616),Public Identity,Good Characters,Blue Eyes,Blond Hair,Male Characters,Living Characters
Otto Octavius (Earth-616),Secret Identity,Neutral Characters,Hazel Eyes,Brown Hair,Male Characters,Deceased Characters
James Rhodes (Earth-616),Secret Identity,Good Characters,Brown Eyes,Brown Hair,Male Characters,Living Characters
Timothy Dugan (Earth-616),Public Identity,Good Characters,Blue Eyes,Red Hair,Male Characters,Deceased Characters
Crystalia Amaquelin (Earth-616),Public Identity,Good Characters,Green Eyes,Strawberry Blond Hair,Female Characters,Living Characters
Samuel Wilson (Earth-616),Public Identity,Good Characters,Brown Eyes,Black Hair,Male Characters,Living Characters
Wilson Fisk (Earth-616),Public Identity,Bad Characters,Blue Eyes,Bald,Male Characters,Living Characters
Odin Borson (Earth-616),Public Identity,Neutral Characters,Blue Eyes,White Hair,Male Characters,Living Characters
Deadpool (Wade Wilson),Secret Identity,Neutral Characters,Brown Eyes,Bald,Male Characters,Living Characters
Dane Whitman (Earth-616),Secret Identity,Good Characters,Brown Eyes,Brown Hair,Male Characters,Living Characters
Harold Osborn (Earth-616),No Dual Identity,Good Characters,Blue Eyes,Brown Hair,Male Characters,Living Characters
Franklin Richards (Earth-616),No Dual Identity,Good Characters,Blue Eyes,Blond Hair,Male Characters,Living Characters
Jessica Drew (Earth-616),Secret Identity,Good Characters,Green Eyes,Auburn Hair,Female Characters,Living Characters
Roberto da Costa (Earth-616),Secret Identity,Good Characters,Brown Eyes,Black Hair,Male Characters,Living Characters
Rahne Sinclair (Earth-616),Secret Identity,Good Characters,Green Eyes,Red Hair,Female Characters,Living Characters
Elizabeth Ross (Earth-616),Public Identity,Good Characters,Blue Eyes,Black Hair,Female Characters,Living Characters
Lorna Dane (Earth-616),Secret Identity,Good Characters,Green Eyes,Green Hair,Female Characters,Living Characters
Blaine Colt (Earth-616),Public Identity,,Blue Eyes,Blond Hair,Male Characters,Deceased Characters
Johnathon Blaze (Earth-616),Secret Identity,Good Characters,Blue Eyes,Reddish Blond Hair,Male Characters,Living Characters
Sif (Earth-616),No Dual Identity,Good Characters,Blue Eyes,Black Hair,Female Characters,Living Characters
Red Hulk (Thaddeus Ross),Public Identity,Neutral Characters,Blue Eyes,Black Hair,Male Characters,Living Characters
Jubilation Lee (Earth-616),Secret Identity,Good Characters,Brown Eyes,Black Hair,Female Characters,Living Characters
Volstagg (Earth-616),Public Identity,Good Characters,Blue Eyes,Red Hair,Male Characters,Living Characters
Balder Odinson (Earth-616),Secret Identity,Good Characters,Blue Eyes,Brown Hair,Male Characters,Deceased Characters
Galactus (Earth-616),Secret Identity,Neutral Characters,Brown Eyes,No Hair,Male Characters,Living Characters
Danielle Moonstar (Earth-616),Secret Identity,Good Characters,Brown Eyes,Black Hair,Female Characters,Living Characters
Marc Spector (Earth-616),Secret Identity,Good Characters,Brown Eyes,Brown Hair,Male Characters,Living Characters
Gwendolyne Stacy (Earth-616),No Dual Identity,Good Characters,Blue Eyes,Blond Hair,Female Characters,Deceased Characters
Medusalith Amaquelin (Earth-616),Public Identity,Good Characters,Green Eyes,Red Hair,Female Characters,Living Characters
Sabretooth (Victor Creed),Secret Identity,Bad Characters,Amber Eyes,Blond Hair,Male Characters,Living Characters
Illyana Rasputina (Earth-616),Secret Identity,Neutral Characters,Blue Eyes,Blond Hair,Female Characters,Living Characters
Johann Shmidt (Earth-616),Public Identity,Bad Characters,Blue Eyes,Blond Hair,Male Characters,Deceased Characters
Fandral (Earth-616),Secret Identity,Good Characters,Blue Eyes,Blond Hair,Male Characters,Deceased Characters
Sean Cassidy (Earth-616),Secret Identity,Neutral Characters,Green Eyes,Strawberry Blond Hair,Male Characters,Living Characters
Thomas Raymond (Earth-616),Secret Identity,Good Characters,Blue Eyes,Black Hair,Male Characters,Living Characters
Uatu (Earth-616),Public Identity,Good Characters,Blue Eyes,Bald,Male Characters,Deceased Characters
Richard Rider (Earth-616),Public Identity,Good Characters,Brown Eyes,Brown Hair,Male Characters,Deceased Characters
Hogun (Earth-616),Public Identity,Good Characters,Grey Eyes,Black Hair,Male Characters,Living Characters
Raven Darkholme (Earth-616),Secret Identity,Bad Characters,Yellow Eyes,Red Hair,Female Characters,Living Characters
Barbara Morse (Earth-616),Secret Identity,Good Characters,Blue Eyes,Blond Hair,Female Characters,Living Characters
Blackagar Boltagon (Earth-616),No Dual Identity,Good Characters,Blue Eyes,Black Hair,Male Characters,Living Characters
Brunnhilde (Earth-616),Secret Identity,Good Characters,Blue Eyes,Blond Hair,Female Characters,Living Characters
Alison Blaire (Earth-616),Public Identity,Good Characters,Blue Eyes,Strawberry Blond Hair,Female Characters,Living Characters
Venom (Symbiote) (Earth-616),Known to Authorities Identity,Neutral Characters,Variable Eyes,No Hair,Agender Characters,Living Characters
John Walker (Earth-616),Secret Identity,Good Characters,Blue Eyes,Blond Hair,Male Characters,Living Characters
Greer Grant (Earth-616),Public Identity,Good Characters,Green Eyes,Black Hair,Female Characters,Living Characters
Karla Sofen (Earth-616),Public Identity,Neutral Characters,Blue Eyes,Blond Hair,Female Characters,Living Characters
William Baker (Earth-616),Secret Identity,Neutral Characters,Brown Eyes,Brown Hair,Male Characters,Living Characters
Sharon Carter (Earth-616),Public Identity,Good Characters,Blue Eyes,Blond Hair,Female Characters,Living Characters
Felicia Hardy (Earth-616),Public Identity,Bad Characters,,Blond Hair,Female Characters,Living Characters
Cain Marko (Earth-616),Public Identity,Neutral Characters,Blue Eyes,Red Hair,Male Characters,Living Characters
Monica Rambeau (Earth-616),Secret Identity,Good Characters,Brown Eyes,Black Hair,Female Characters,Living Characters
Maria Hill (Earth-616),No Dual Identity,Good Characters,Brown Eyes,Black Hair,Female Characters,Living Characters
Ben Urich (Earth-616),No Dual Identity,Good Characters,Brown Eyes,Brown Hair,Male Characters,Living Characters
Heather Douglas (Earth-616),Secret Identity,Good Characters,Blue Eyes,Bald,Female Characters,Living Characters
Millicent Collins (Earth-616),Public Identity,,Blue Eyes,Blond Hair,Female Characters,Living Characters
James Proudstar (Earth-616),Secret Identity,Good Characters,Brown Eyes,Black Hair,Male Characters,Living Characters
Angelica Jones (Earth-616),Known to Authorities Identity,Good Characters,Green Eyes,Red Hair,Female Characters,Living Characters
Edward Brock (Earth-616),Public Identity,Neutral Characters,Black Eyes,Blond Hair,Male Characters,Living Characters
MacDonald Gargan (Earth-616),Secret Identity,Bad Characters,Brown Eyes,Bald,Male Characters,Living Characters
Mephisto (Earth-616),No Dual Identity,Bad Characters,White Eyes,Black Hair,Male Characters,Living Characters
Tabitha Smith (Earth-616),Secret Identity,Good Characters,Blue Eyes,Blond Hair,Female Characters,Living Characters
Jean-Paul Beaubier (Earth-616),Secret Identity,Good Characters,Blue Eyes,Black Hair,Male Characters,Living Characters
Daniel Ketch (Earth-616),Secret Identity,Neutral Characters,Green Eyes,Brown Hair,Male Characters,Living Characters
Neena Thurman (Earth-616),Secret Identity,Good Characters,Blue Eyes,Black Hair,Female Characters,Living Characters
Wong (Earth-616),No Dual Identity,Good Characters,Brown Eyes,Bald,Male Characters,Living Characters
Thanos (Earth-616),No Dual Identity,Bad Characters,Red Eyes,No Hair,Male Characters,Living Characters
Shang-Chi (Earth-616),No Dual Identity,Good Characters,Brown Eyes,Black Hair,Male Characters,Living Characters
Alicia Masters (Earth-616),No Dual Identity,Good Characters,Brown Eyes,Strawberry Blond Hair,Female Characters,Living Characters
Robert Baldwin (Earth-616),Secret Identity,Good Characters,Blue Eyes,Blond Hair,Male Characters,Living Characters
Vance Astrovik (Earth-616),Public Identity,Good Characters,Hazel Eyes,Brown Hair,Male Characters,Living Characters
Wendell Vaughn (Earth-616),Secret Identity,Good Characters,Blue Eyes,Blond Hair,Male Characters,Living Characters
Chili Storm (Earth-616),Public Identity,,Green Eyes,Red Hair,Female Characters,Living Characters
Abner Jenkins (Earth-616),Public Identity,Good Characters,Brown Eyes,Brown Hair,Male Characters,Living Characters
Elektra Natchios (Earth-616),Secret Identity,Neutral Characters,Blue Eyes,Black Hair,Female Characters,Living Characters
Bullseye (Lester) (Earth-616),Secret Identity,Bad Characters,Blue Eyes,Blond Hair,Male Characters,Living Characters
Forge (Earth-616),Public Identity,Good Characters,Brown Eyes,Black Hair,Male Characters,Living Characters
Virginia Potts (Earth-616),No Dual Identity,Good Characters,Green Eyes,Red Hair,Female Characters,Living Characters
Walter Langkowski (Earth-616),Secret Identity,Good Characters,Blue Eyes,Blond Hair,Male Characters,Living Characters
Gorgon (Earth-616),Secret Identity,Good Characters,Brown Eyes,Brown Hair,Male Characters,Living Characters
James Madrox (Earth-616),Public Identity,Good Characters,Brown Eyes,Brown Hair,Male Characters,Living Characters
Heimdall (Earth-616),Secret Identity,Good Characters,Grey Eyes,Brown Hair,Male Characters,Living Characters
Theresa Cassidy (Earth-616),Secret Identity,Good Characters,Green Eyes,Red Hair,Female Characters,Living Characters
Laura Kinney (Earth-616),Secret Identity,Good Characters,Green Eyes,Black Hair,Female Characters,Living Characters
Arthur Douglas (Earth-616),Secret Identity,Good Characters,Blue Eyes,Brown Hair,Male Characters,Living Characters
Peter Parker (Ben Reilly) (Earth-616),Secret Identity,Good Characters,Hazel Eyes,Blond Hair,Male Characters,Deceased Characters
Warlock (Technarch) (Earth-616),Secret Identity,Good Characters,Black Eyes,No Hair,Male Characters,Living Characters
Kevin Plunder (Earth-616),Public Identity,Good Characters,Blue Eyes,Blond Hair,Male Characters,Living Characters
Leonard Samson (Earth-616),Public Identity,Good Characters,Brown Eyes,Green Hair,Male Characters,Deceased Characters
Melissa Gold (Earth-616),Secret Identity,Good Characters,Green Eyes,Blond Hair,Female Characters,Living Characters
Lockheed (Earth-616),Secret Identity,Good Characters,,No Hair,Male Characters,Living Characters
Mercedes Knight (Earth-616),Public Identity,Good Characters,Brown Eyes,Black Hair,Female Characters,Living Characters
Moira Kinross (Earth-616),No Dual Identity,Good Characters,Blue Eyes,Brown Hair,Female Characters,Deceased Characters
Karnak (Earth-616),Secret Identity,Good Characters,Blue Eyes,Black Hair,Male Characters,Deceased Characters
Namorita Prentiss (Earth-616),Public Identity,Good Characters,Blue Eyes,Blond Hair,Female Characters,Deceased Characters
Lockjaw (Earth-616),Secret Identity,Good Characters,Brown Eyes,Brown Hair,Male Characters,Living Characters
Adam Warlock (Earth-616),No Dual Identity,Good Characters,White Eyes,Gold Hair,Male Characters,Living Characters
Heather McNeil (Earth-616),Public Identity,Neutral Characters,Green Eyes,Red Hair,Female Characters,Living Characters
Curtis Connors (Earth-616),Public Identity,Neutral Characters,Red Eyes,No Hair,Male Characters,Living Characters
Theodore Sallis (Earth-616),Secret Identity,Good Characters,Red Eyes,No Hair,Male Characters,Living Characters
Adrian Toomes (Earth-616),Public Identity,Bad Characters,Hazel Eyes,Bald,Male Characters,Living Characters
Amora (Earth-616),Public Identity,Bad Characters,Green Eyes,Blond Hair,Female Characters,Living Characters
Clea (Earth-616),No Dual Identity,Good Characters,Blue Eyes,White Hair,Female Characters,Living Characters
Mar-Vell (Earth-616),Public Identity,Good Characters,Blue Eyes,Blond Hair,Male Characters,Deceased Characters
Eugene Judd (Earth-616),Public Identity,Good Characters,Brown Eyes,Bald,Male Characters,Living Characters
Daimon Hellstrom (Earth-616),No Dual Identity,Neutral Characters,Red Eyes,Red Hair,Male Characters,Living Characters
John Jonah Jameson III (Earth-616),No Dual Identity,Good Characters,Brown Eyes,Auburn Hair,Male Characters,Living Characters
Triton (Earth-616),No Dual Identity,Good Characters,Green Eyes,No Hair,Male Characters,Living Characters
Meggan Puceanu (Earth-616),Secret Identity,Good Characters,,,Female Characters,Living Characters
Robert Reynolds (Earth-616),Secret Identity,Neutral Characters,Blue Eyes,Blond Hair,Male Characters,Living Characters
Aleksei Sytsevich (Earth-616),Secret Identity,Bad Characters,Brown Eyes,Brown Hair,Male Characters,Deceased Characters
Santo Vaccarro (Earth-616),Secret Identity,Good Characters,White Eyes,No Hair,Male Characters,Living Characters
Jonathan Clay (Earth-616),Secret Identity,Good Characters,Blue Eyes,Red Hair,Male Characters,Living Characters
Ares (Earth-616),Secret Identity,Neutral Characters,Brown Eyes,Brown Hair,Male Characters,Deceased Characters
Sersi (Earth-616),Secret Identity,Good Characters,Blue Eyes,Black Hair,Female Characters,Living Characters
Guido Carosella (Earth-616),Secret Identity,Neutral Characters,Brown Eyes,Bald,Male Characters,Living Characters
Zabu (Earth-616),Public Identity,Good Characters,Green Eyes,Orange Hair,Male Characters,Living Characters
Michael Morbius (Earth-616),Secret Identity,Neutral Characters,Red Eyes,Black Hair,Male Characters,Living Characters
Julio Richter (Earth-616),Secret Identity,Good Characters,Brown Eyes,Brown Hair,Male Characters,Living Characters
Phoenix Force (Earth-616),Secret Identity,Neutral Characters,,No Hair,,Deceased Characters
Megan Gwynn (Earth-616),Public Identity,Good Characters,Black Eyeballs,Pink Hair,Female Characters,Living Characters
Kyle Richmond (Earth-616),Secret Identity,Good Characters,Brown Eyes,Auburn Hair,Male Characters,Living Characters
Karen Page (Earth-616),No Dual Identity,Good Characters,Blue Eyes,Blond Hair,Female Characters,Deceased Characters
Tyrone Johnson (Earth-616),Secret Identity,Good Characters,Brown Eyes,Black Hair,Male Characters,Living Characters
Maxwell Dillon (Earth-616),Public Identity,Bad Characters,Blue Eyes,Auburn Hair,Male Characters,Living Characters
Valerie Cooper (Earth-616),Public Identity,Good Characters,Blue Eyes,Blond Hair,Female Characters,Living Characters
Anna May (Earth-616),No Dual Identity,Good Characters,Blue Eyes,White Hair,Female Characters,Living Characters
Vlad Dracula (Earth-616),No Dual Identity,Bad Characters,Red Eyes,White Hair,Male Characters,Living Characters
Tandy Bowen (Earth-616),Secret Identity,Good Characters,Blue Eyes,Blond Hair,Female Characters,Living Characters
Monet St. Croix (Earth-616),No Dual Identity,Good Characters,Brown Eyes,Black Hair,Female Characters,Living Characters
Gamora (Earth-616),No Dual Identity,Neutral Characters,Yellow Eyes,Black Hair,Female Characters,Living Characters
Amara Aquilla (Earth-616),Secret Identity,Good Characters,Blue Eyes,Blond Hair,Female Characters,Living Characters
Julia Carpenter (Earth-616),Secret Identity,Good Characters,Blue Eyes,Strawberry Blond Hair,Female Characters,Living Characters
Jane Foster (Earth-616),No Dual Identity,Good Characters,Blue Eyes,Brown Hair,Female Characters,Living Characters
Mortimer Toynbee (Earth-616),Secret Identity,Neutral Characters,Black Eyes,Brown Hair,Male Characters,Living Characters
Scott Lang (Earth-616),Public Identity,Good Characters,Blue Eyes,Strawberry Blond Hair,Male Characters,Living Characters
Paige Guthrie (Earth-616),Secret Identity,Good Characters,Blue Eyes,Blond Hair,Female Characters,Living Characters
Benjamin Parker (Earth-616),No Dual Identity,Good Characters,Blue Eyes,Brown Hair,Male Characters,Deceased Characters
Erik Josten (Earth-616),Secret Identity,Good Characters,Brown Eyes,Red Hair,Male Characters,Living Characters
Jeanne-Marie Beaubier (Earth-616),Secret Identity,Good Characters,Blue Eyes,Black Hair,Female Characters,Living Characters
Carl Creel (Earth-616),Public Identity,Bad Characters,Blue Eyes,Bald,Male Characters,Living Characters
Gloria Grant (Earth-616),No Dual Identity,,Brown Eyes,Black Hair,Female Characters,Living Characters
Michael Twoyoungmen (Earth-616),Public Identity,Good Characters,Brown Eyes,Black Hair,Male Characters,Living Characters
Hope Summers (Earth-616),Secret Identity,Good Characters,Green Eyes,Red Hair,Female Characters,Living Characters
Eric Masterson (Earth-616),Secret Identity,Good Characters,Blue Eyes,Blond Hair,Male Characters,Deceased Characters
Alexander Power (Earth-616),Secret Identity,Good Characters,Blue Eyes,Blond Hair,Male Characters,Living Characters
Matthew Hawk (Earth-616),Secret Identity,Good Characters,Blue Eyes,Brown Hair,Male Characters,Deceased Characters
Jessica Jones (Earth-616),No Dual Identity,Good Characters,Brown Eyes,Brown Hair,Female Characters,Living Characters
Frederick Dukes (Earth-616),Public Identity,Bad Characters,Brown Eyes,Brown Hair,Male Characters,Living Characters
Eric Brooks (Earth-616),Public Identity,Good Characters,Brown Eyes,Black Hair,Male Characters,Living Characters
Eros (Earth-616),Public Identity,Good Characters,Blue Eyes,Red Hair,Male Characters,Living Characters
Madison Jeffries (Earth-616),No Dual Identity,Good Characters,Brown Eyes,Black Hair,Male Characters,Living Characters
Mandarin (Earth-616),Secret Identity,Bad Characters,Blue Eyes,Black Hair,Male Characters,Deceased Characters
The Wizard (Earth-616),Public Identity,Bad Characters,Hazel Eyes,Brown Hair,Male Characters,Living Characters
Akihiro (Earth-616),Secret Identity,Bad Characters,Blue Eyes,Black Hair,Male Characters,Living Characters
Sergei Kravinoff (Earth-616),Public Identity,Bad Characters,Brown Eyes,Black Hair,Male Characters,Deceased Characters
Jonothon Starsmore (Earth-616),Secret Identity,Good Characters,Brown Eyes,Brown Hair,Male Characters,Living Characters
Helmut Zemo (Earth-616),Public Identity,Bad Characters,Blue Eyes,Blond Hair,Male Characters,Living Characters
Victor Borkowski (Earth-616),Secret Identity,Good Characters,Brown Eyes,Black Hair,Male Characters,Living Characters
Edward Leeds (Earth-616),Secret Identity,Neutral Characters,Blue Eyes,Brown Hair,Male Characters,Deceased Characters
Ultron (Earth-616),No Dual Identity,Bad Characters,Red Eyes,No Hair,Male Characters,Deceased Characters
Douglas Ramsey (Earth-616),Secret Identity,Good Characters,Blue Eyes,Blond Hair,Male Characters,Living Characters
Quentin Beck (Earth-616),Secret Identity,Bad Characters,Blue Eyes,Bald,Male Characters,Living Characters
Herbert Wyndham (Earth-616),Secret Identity,Neutral Characters,Brown Eyes,Brown Hair,Male Characters,Living Characters
Julian Keller (Earth-616),Public Identity,Good Characters,Blue Eyes,Black Hair,Male Characters,Living Characters
Jack Russell (Earth-616),Secret Identity,Good Characters,Blue Eyes,Red Hair,Male Characters,Living Characters
Celeste Cuckoo (Earth-616),Secret Identity,Good Characters,Blue Eyes,Blond Hair,Female Characters,Living Characters
Valentina Allegra de Fontaine (Earth-616),Secret Identity,Neutral Characters,Blue Eyes,Black Hair,Female Characters,Living Characters
Ophelia Sarkissian (Earth-616),Secret Identity,Bad Characters,Green Eyes,Black Hair,Female Characters,Living Characters
Colleen Wing (Earth-616),Public Identity,Good Characters,Blue Eyes,Auburn Hair,Female Characters,Living Characters
Irma Cuckoo (Earth-616),Secret Identity,Good Characters,Blue Eyes,Black Hair,Female Characters,Living Characters
Sebastian Shaw (Earth-616),No Dual Identity,Neutral Characters,Blue Eyes,Black Hair,Male Characters,Living Characters
Phoebe Cuckoo (Earth-616),Secret Identity,Good Characters,Blue Eyes,Blond Hair,Female Characters,Living Characters
Sage (Earth-616),Secret Identity,Good Characters,Blue Eyes,Black Hair,Female Characters,Living Characters
Valeria Richards (Earth-616),No Dual Identity,Good Characters,Blue Eyes,Blond Hair,Female Characters,Living Characters
Donald Blake (Earth-616),No Dual Identity,Good Characters,Blue Eyes,Blond Hair,Male Characters,Living Characters
Hela (Earth-616),Secret Identity,Bad Characters,Green Eyes,Black Hair,Female Characters,Deceased Characters
Lilandra Neramani (Earth-616),No Dual Identity,Good Characters,Orange Eyes,Black Hair,Female Characters,Deceased Characters
Henry Gyrich (Earth-616),No Dual Identity,Bad Characters,Green Eyes,Red Hair,Male Characters,Living Characters
Dwayne Taylor (Earth-616),Secret Identity,Good Characters,Brown Eyes,Black Hair,Male Characters,Deceased Characters
Harold Hogan (Earth-616),No Dual Identity,Good Characters,Brown Eyes,Brown Hair,Male Characters,Deceased Characters
Redwing (Earth-616),Public Identity,,Yellow Eyes,,Male Characters,Living Characters
Christopher Powell (Earth-616),Secret Identity,Good Characters,Brown Eyes,Brown Hair,Male Characters,Living Characters
Harvey Elder (Earth-616),Secret Identity,Bad Characters,Brown Eyes,Grey Hair,Male Characters,Living Characters
Wolfgang von Strucker (Earth-616),Public Identity,Bad Characters,Blue Eyes,Bald,Male Characters,Deceased Characters
Dirk Garthwaite (Earth-616),Secret Identity,Bad Characters,Blue Eyes,Brown Hair,Male Characters,Living Characters
Pip Gofern (Earth-616),Secret Identity,Good Characters,Green Eyes,Red Hair,Male Characters,Living Characters
Tony Masters (Earth-616),Secret Identity,Neutral Characters,Brown Eyes,Brown Hair,Male Characters,Living Characters
David Lieberman (Earth-616),Secret Identity,Neutral Characters,Green Eyes,Brown Hair,Male Characters,Deceased Characters
James Hudson (Earth-616),Secret Identity,Good Characters,Brown Eyes,Black Hair,Male Characters,Living Characters
Miles Warren (Earth-616),Secret Identity,Bad Characters,Green Eyes,No Hair,Male Characters,Living Characters
Kallark (Earth-616),Public Identity,Neutral Characters,Blue Eyes,Blue Hair,Male Characters,Living Characters
En Sabah Nur (Earth-616),Public Identity,Bad Characters,Red Eyes,Black Hair,Male Characters,Deceased Characters
Shiro Yoshida (Earth-616),Public Identity,Good Characters,Black Eyes,Black Hair,Male Characters,Living Characters
Silver Sablinova (Earth-616),Secret Identity,Good Characters,Blue Eyes,Silver Hair,Female Characters,Deceased Characters
Elvin Haliday (Earth-616),Secret Identity,Good Characters,Brown Eyes,Bald,Male Characters,Living Characters
James Bradley (Earth-616),Secret Identity,Good Characters,Blue Eyes,Black Hair,Male Characters,Living Characters
Calvin Zabo (Earth-616),Secret Identity,Bad Characters,Brown Eyes,Brown Hair,Male Characters,Living Characters
Frederick Myers (Earth-616),Secret Identity,Bad Characters,Brown Eyes,Brown Hair,Male Characters,Living Characters
Mantis (Earth-616),Secret Identity,Good Characters,Green Eyes,Black Hair,Female Characters,Living Characters
Marlene Alraune (Earth-616),No Dual Identity,Good Characters,Blue Eyes,Blond Hair,Female Characters,Living Characters
Rachel Leighton (Earth-616),Secret Identity,Good Characters,Green Eyes,Brown Hair,Female Characters,Living Characters
Veranke (Earth-616),No Dual Identity,Bad Characters,Green Eyes,Green Hair,Female Characters,Deceased Characters
Nathaniel Essex (Earth-616),Secret Identity,Bad Characters,Red Eyes,Black Hair,Male Characters,Living Characters
Anthony Druid (Earth-616),Public Identity,Good Characters,Green Eyes,Black Hair,Male Characters,Deceased Characters
Cassandra Lang (Earth-616),Public Identity,Good Characters,Blue Eyes,Blond Hair,Female Characters,Deceased Characters
Beta Ray Bill (Earth-616),No Dual Identity,Good Characters,White Eyes,No Hair,Male Characters,Living Characters
Samuel Sterns (Earth-616),Public Identity,Bad Characters,Red Eyes,Black Hair,Male Characters,Deceased Characters
Leech (Earth-616),Secret Identity,Good Characters,White Eyes,No Hair,Male Characters,Living Characters
Glenn Talbot (Earth-616),No Dual Identity,Neutral Characters,Blue Eyes,Brown Hair,Male Characters,Deceased Characters
Bug (Earth-616),Public Identity,Good Characters,Yellow Eyes,Green Hair,Male Characters,Living Characters
Peter Petruski (Earth-616),Secret Identity,Bad Characters,Brown Eyes,Bald,Male Characters,Living Characters
Julie Power (Earth-616),Secret Identity,Good Characters,Blue Eyes,Strawberry Blond Hair,Female Characters,Living Characters
Giuletta Nefaria (Earth-616),Secret Identity,Bad Characters,Grey Eyes,Black Hair,Female Characters,Living Characters
Robert Ralston (Earth-616),No Dual Identity,Good Characters,Blue Eyes,Blond Hair,Male Characters,Deceased Characters
Maximus (Earth-616),Secret Identity,Neutral Characters,Blue Eyes,Black Hair,Male Characters,Living Characters
Genis-Vell (Earth-616),Public Identity,Good Characters,Blue Eyes,Blond Hair,Male Characters,Deceased Characters
Hisako Ichiki (Earth-616),Secret Identity,Good Characters,Black Eyes,Black Hair,Female Characters,Living Characters
Dmitri Smerdyakov (Earth-616),Secret Identity,Bad Characters,Variable Eyes,Variable Hair,Male Characters,Living Characters
Eliot Franklin (Thunderball) (Earth-616),Public Identity,Bad Characters,Brown Eyes,Black Hair,Male Characters,Living Characters
X-51 (Earth-616),Known to Authorities Identity,Good Characters,Red Eyes,Black Hair,Male Characters,Living Characters
Madelyne Pryor (Earth-616),Public Identity,Bad Characters,Green Eyes,Red Hair,Female Characters,Living Characters
Adolf Hitler (Earth-616),No Dual Identity,Bad Characters,Brown Eyes,Brown Hair,Male Characters,Deceased Characters
Herman Schultz (Earth-616),Public Identity,Bad Characters,Brown Eyes,Brown Hair,Male Characters,Living Characters
Noriko Ashida (Earth-616),Secret Identity,Good Characters,Brown Eyes,Black Hair,Female Characters,Living Characters
Chen Lu (Earth-616),Secret Identity,Bad Characters,Brown Eyes,Bald,Male Characters,Living Characters
Ulysses Klaw (Earth-616),Public Identity,Bad Characters,Red Eyes,Bald,Male Characters,Deceased Characters
Cessily Kincaid (Earth-616),Secret Identity,Good Characters,Silver Eyes,Red Hair,Female Characters,Living Characters
Kyle Gibney (Earth-616),Secret Identity,Neutral Characters,Blue Eyes,Blond Hair,Male Characters,Deceased Characters
Jack Monroe (Earth-616),Public Identity,Good Characters,Brown Eyes,Brown Hair,Male Characters,Deceased Characters
Madeline Joyce (Earth-616),Secret Identity,Good Characters,Blue Eyes,Brown Hair,Female Characters,Deceased Characters
George Tarleton (Earth-616),Public Identity,Bad Characters,White Eyes,Brown Hair,Male Characters,Living Characters
Jocasta (Earth-616),No Dual Identity,Good Characters,Red Eyes,No Hair,Female Characters,Living Characters
Peter Wisdom (Earth-616),No Dual Identity,Good Characters,Blue Eyes,Black Hair,Male Characters,Living Characters
Jeffrey Mace (Earth-616),Secret Identity,Good Characters,Blue Eyes,Black Hair,Male Characters,Deceased Characters
Aquaria Neptunia (Earth-616),Secret Identity,Good Characters,Blue Eyes,Blond Hair,Female Characters,Living Characters
Dragon Man (Earth-616),No Dual Identity,Good Characters,Grey Eyes,No Hair,Male Characters,Living Characters
Narya (Earth-616),Secret Identity,Good Characters,White Eyes,Blond Hair,Female Characters,Living Characters
Burglar (Earth-616),Public Identity,Bad Characters,Blue Eyes,Blond Hair,Male Characters,Deceased Characters
Dino Manelli (Earth-616),Public Identity,Good Characters,,Black Hair,Male Characters,Deceased Characters
Peter Parker (Kaine) (Earth-616),Secret Identity,Good Characters,Hazel Eyes,Brown Hair,Male Characters,Living Characters
Nightmare (Earth-616),Secret Identity,Bad Characters,Black Eyes,Black Hair,Male Characters,Living Characters
Ronan (Earth-616),No Dual Identity,Neutral Characters,Blue Eyes,Brown Hair,Male Characters,Living Characters
Thomas Halloway (Earth-616),Public Identity,Good Characters,Brown Eyes,White Hair,Male Characters,Living Characters
Jasper Sitwell (Earth-616),Public Identity,Good Characters,Blue Eyes,Blond Hair,Male Characters,Deceased Characters
Frank Payne (Earth-616),Secret Identity,Neutral Characters,,Bald,Male Characters,Living Characters
Paladin (Earth-616),Secret Identity,Neutral Characters,Brown Eyes,Brown Hair,Male Characters,Living Characters
Steel (Earth-616),Public Identity,Good Characters,,White Hair,Male Characters,Living Characters
Mad Thinker (Earth-616),Secret Identity,Bad Characters,Blue Eyes,Brown Hair,Male Characters,Living Characters
Brian Calusky (Earth-616),Public Identity,Bad Characters,Blue Eyes,Blond Hair,Male Characters,Living Characters
Arthur Maddicks (Earth-616),No Dual Identity,Good Characters,White Eyes,No Hair,Male Characters,Living Characters
Hedy Wolfe (Earth-616),No Dual Identity,,Hazel Eyes,Black Hair,Female Characters,Living Characters
Isadore Cohen (Earth-616),Public Identity,Good Characters,,,Male Characters,Living Characters
Dormammu (Earth-616),No Dual Identity,Bad Characters,Yellow Eyes,No Hair,Male Characters,Living Characters
Makkari (Earth-616),Secret Identity,Good Characters,Blue Eyes,Strawberry Blond Hair,Male Characters,Living Characters
Marlo Chandler (Earth-616),Public Identity,Good Characters,Blue Eyes,Red Hair,Female Characters,Living Characters
Percival Pinkerton (Earth-616),Public Identity,Good Characters,Brown Eyes,Grey Hair,Male Characters,Deceased Characters
Quintavius Quire (Earth-616),Public Identity,Good Characters,Brown Eyes,Brown Hair,Male Characters,Living Characters
Marla Madison (Earth-616),No Dual Identity,,Brown Eyes,Brown Hair,Female Characters,Deceased Characters
Cletus Kasady (Earth-616),Public Identity,Bad Characters,Green Eyes,No Hair,Male Characters,Living Characters
Supreme Intelligence (Earth-616),No Dual Identity,Neutral Characters,Yellow Eyes,Green Hair,Male Characters,Living Characters
Aragorn (Earth-616),No Dual Identity,Good Characters,Brown Eyes,White Hair,Male Characters,Living Characters
Betty Dean (Earth-616),No Dual Identity,Good Characters,Blue Eyes,White Hair,Female Characters,Deceased Characters
Karnilla (Earth-616),Secret Identity,Neutral Characters,Purple Eyes,Black Hair,Female Characters,Living Characters
Jacqueline Falsworth (Earth-616),Public Identity,Good Characters,Blue Eyes,Blond Hair,Female Characters,Living Characters
Caliban (Earth-616),Secret Identity,Good Characters,Black Eyes,No Hair,Male Characters,Deceased Characters
Isaac Christians (Earth-616),Public Identity,Good Characters,Blue Eyes,Black Hair,Male Characters,Living Characters
Brock Rumlow (Earth-616),Secret Identity,Bad Characters,Brown Eyes,Black Hair,Male Characters,Living Characters
Paul Norbert Ebersol (Earth-616),Secret Identity,Neutral Characters,Brown Eyes,Black Hair,Male Characters,Deceased Characters
Annihilus (Earth-616),No Dual Identity,Neutral Characters,Green Eyes,No Hair,Male Characters,Living Characters
Red Sonja (Earth-616),Public Identity,Good Characters,Brown Eyes,Red Hair,Female Characters,Deceased Characters
Jonathan Hart (Earth-616),Public Identity,Good Characters,Blue Eyes,Brown Hair,Male Characters,Living Characters
Bambina Arbogast (Earth-616),No Dual Identity,Good Characters,Blue Eyes,Black Hair,Female Characters,Living Characters
Sooraya Qadir (Earth-616),Secret Identity,Good Characters,Brown Eyes,Brown Hair,Female Characters,Living Characters
Zeus Panhellenios (Earth-616),No Dual Identity,Neutral Characters,Blue Eyes,Red Hair,Male Characters,Living Characters
Randolph Robertson (Earth-616),No Dual Identity,Good Characters,Brown Eyes,Black Hair,Male Characters,Living Characters
Yao (Earth-616),Secret Identity,Good Characters,Brown Eyes,Bald,Male Characters,Living Characters
Agatha Harkness (Earth-616),No Dual Identity,Good Characters,Blue Eyes,White Hair,Female Characters,Deceased Characters
Jack Tarr (Earth-616),Secret Identity,,Black Eyes,Black Hair,Male Characters,Living Characters
Katherine Bishop (Earth-616),Public Identity,Good Characters,Blue Eyes,Black Hair,Female Characters,Living Characters
Jason Wyngarde (Earth-616),Secret Identity,Bad Characters,Brown Eyes,Grey Hair,Male Characters,Deceased Characters
Walter Newell (Earth-616),Public Identity,Good Characters,Hazel Eyes,Brown Hair,Male Characters,Living Characters
Joanna Cargill (Earth-616),Secret Identity,Good Characters,Brown Eyes,Black Hair,Female Characters,Living Characters
Parker Robbins (Earth-616),Secret Identity,Bad Characters,Brown Eyes,Brown Hair,Male Characters,Living Characters
Rocket Raccoon (Earth-616),No Dual Identity,Good Characters,Brown Eyes,Black Hair,Male Characters,Living Characters
Lyja (Earth-616),Secret Identity,Neutral Characters,Green Eyes,Green Hair,Female Characters,Living Characters
Georges Batroc (Earth-616),No Dual Identity,Bad Characters,Brown Eyes,Black Hair,Male Characters,Living Characters
Wyatt Wingfoot (Earth-616),Public Identity,Good Characters,Brown Eyes,Black Hair,Male Characters,Living Characters
Henry Camp (Earth-616),Public Identity,Bad Characters,Brown Eyes,Black Hair,Male Characters,Deceased Characters
Peter Quill (Earth-616),Secret Identity,Good Characters,Blue Eyes,Blond Hair,Male Characters,Living Characters
Marrow (Sarah) (Earth-616),Secret Identity,Neutral Characters,Blue Eyes,Red Hair,Female Characters,Living Characters
Vision (Jonas) (Earth-616),Public Identity,Good Characters,Gold Eyes,No Hair,Male Characters,Deceased Characters
William Kaplan (Earth-616),Secret Identity,Good Characters,Brown Eyes,Black Hair,Male Characters,Living Characters
George Stacy (Earth-616),Public Identity,Good Characters,Blue Eyes,White Hair,Male Characters,Deceased Characters
Mari (Earth-616),Public Identity,Good Characters,Blue Eyes,Blond Hair,Female Characters,Living Characters
Todd Arliss (Earth-616),Secret Identity,Bad Characters,Grey Eyes,No Hair,Male Characters,Living Characters
Hammerhead (Joseph) (Earth-616),Secret Identity,Bad Characters,Blue Eyes,Black Hair,Male Characters,Living Characters
Heinrich Zemo (Earth-616),Public Identity,Bad Characters,Blue Eyes,Grey Hair,Male Characters,Deceased Characters
Emil Blonsky (Earth-616),Secret Identity,Bad Characters,Blue Eyes,Blond Hair,Male Characters,Living Characters
Arcturus Rann (Earth-616),Public Identity,Good Characters,Brown Eyes,Brown Hair,Male Characters,Living Characters
James Woo (Earth-616),Public Identity,Good Characters,Brown Eyes,Black Hair,Male Characters,Living Characters
Frank Drake (Earth-616),No Dual Identity,Good Characters,Blue Eyes,Blond Hair,Male Characters,Living Characters
Callisto (Earth-616),Secret Identity,Neutral Characters,Blue Eyes,Black Hair,Female Characters,Living Characters
Dorma (Earth-616),No Dual Identity,Neutral Characters,Blue Eyes,Auburn Hair,Female Characters,Deceased Characters
Lonnie Lincoln (Earth-616),Public Identity,Bad Characters,Pink Eyes,White Hair,Male Characters,Living Characters
Doop (Earth-616),No Dual Identity,Good Characters,Variable Eyes,Black Hair,Male Characters,Living Characters
David Alleyne (Earth-616),Secret Identity,Good Characters,Brown Eyes,Black Hair,Male Characters,Living Characters
Hepzibah (Earth-616),Secret Identity,Good Characters,Green Eyes,White Hair,Female Characters,Living Characters
Charlie Cluster-7 (Earth-616),Secret Identity,Neutral Characters,Blue Eyes,Black Hair,Male Characters,Living Characters
Samuel Sawyer (Earth-616),Public Identity,Good Characters,Blue Eyes,Grey Hair,Male Characters,Deceased Characters
Jacques Duquesne (Earth-616),Known to Authorities Identity,Good Characters,Blue Eyes,Black Hair,Male Characters,Living Characters
Arcade (Earth-616),Secret Identity,Bad Characters,Blue Eyes,Red Hair,Male Characters,Living Characters
Mary Walker (Earth-616),Secret Identity,Bad Characters,Brown Eyes,Brown Hair,Female Characters,Living Characters
Miguel Santos (Earth-616),Secret Identity,Good Characters,Brown Eyes,Black Hair,Male Characters,Living Characters
Christopher Summers (Earth-616),Public Identity,Good Characters,Brown Eyes,Brown Hair,Male Characters,Living Characters
Morris Bench (Earth-616),Public Identity,Bad Characters,Brown Eyes,Brown Hair,Male Characters,Living Characters
David Cannon (Earth-616),Public Identity,Bad Characters,Blue Eyes,Brown Hair,Male Characters,Living Characters
Prosh (Earth-616),Secret Identity,Good Characters,Variable Eyes,No Hair,,Living Characters
Roderick Kingsley (Earth-616),Public Identity,Bad Characters,Blue Eyes,Grey Hair,Male Characters,Living Characters
Dominikos Petrakis (Earth-616),Secret Identity,Neutral Characters,Brown Eyes,Brown Hair,Male Characters,Deceased Characters
St. John Allerdyce (Earth-616),Secret Identity,Neutral Characters,Blue Eyes,Blond Hair,Male Characters,Living Characters
Mary MacPherran (Earth-616),Secret Identity,Bad Characters,Blue Eyes,Strawberry Blond Hair,Female Characters,Living Characters
Rita Wayword (Earth-616),Secret Identity,Neutral Characters,White Eyes,Silver Hair,Female Characters,Living Characters
Angelo Espinosa (Earth-616),Secret Identity,Good Characters,Brown Eyes,Black Hair,Male Characters,Deceased Characters
Layla Miller (Earth-616),No Dual Identity,Good Characters,Green Eyes,Blond Hair,Female Characters,Living Characters
Leland Owlsley (Earth-616),Public Identity,Bad Characters,Blue Eyes,Brown Hair,Male Characters,Living Characters
Karl Lykos (Earth-616),Secret Identity,Bad Characters,Brown Eyes,Brown Hair,Male Characters,Living Characters
Jason Macendale Jr. (Earth-616),Secret Identity,Bad Characters,Brown Eyes,Black Hair,Male Characters,Deceased Characters
Clay Harder (Earth-616),Public Identity,Good Characters,Blue Eyes,Blond Hair,Male Characters,Living Characters
Frigga (Earth-616),Secret Identity,Good Characters,Blue Eyes,White Hair,Female Characters,Living Characters
Ikaris (Eternal) (Earth-616),Secret Identity,Good Characters,Blue Eyes,Blond Hair,Male Characters,Living Characters
Jack Power (Earth-616),Secret Identity,Good Characters,Blue Eyes,Brown Hair,Male Characters,Living Characters
Katherine Power (Earth-616),Secret Identity,Good Characters,Blue Eyes,Strawberry Blond Hair,Female Characters,Living Characters
Sharon Ventura (Earth-616),Secret Identity,Good Characters,Blue Eyes,Red Hair,Female Characters,Living Characters
Nico Minoru (Earth-616),Secret Identity,Good Characters,Brown Eyes,Black Hair,Female Characters,Living Characters
Clive Reston (Earth-616),Public Identity,,Blue Eyes,Grey Hair,Male Characters,Living Characters
Idie Okonkwo (Earth-616),Public Identity,Good Characters,Blue Eyes,Black Hair,Female Characters,Living Characters
Robert Frank (Earth-616),Secret Identity,Good Characters,Brown Eyes,Grey Hair,Male Characters,Deceased Characters
Elizabeth Twoyoungmen (Earth-616),Secret Identity,Good Characters,Brown Eyes,Black Hair,Female Characters,Living Characters
Everett Thomas (Earth-616),Secret Identity,Good Characters,Brown Eyes,Bald,Male Characters,Deceased Characters
Danger (Earth-616),No Dual Identity,Good Characters,,No Hair,Female Characters,Living Characters
Dorrek VIII (Earth-616),Public Identity,Good Characters,Blue Eyes,Blond Hair,Male Characters,Living Characters
Amadeus Cho (Earth-616),No Dual Identity,Good Characters,Black Eyes,Black Hair,Male Characters,Living Characters
Phillip Masters (Earth-616),Public Identity,Bad Characters,Brown Eyes,Bald,Male Characters,Deceased Characters
Joshua Foley (Earth-616),Secret Identity,Good Characters,Blue Eyes,Blond Hair,Male Characters,Living Characters
Karl Mordo (Earth-616),Secret Identity,Bad Characters,Brown Eyes,Black Hair,Male Characters,Deceased Characters
Eternity (Earth-616),Secret Identity,Neutral Characters,Black Eyes,No Hair,,Living Characters
William Foster (Earth-616),Secret Identity,,Brown Eyes,Black Hair,Male Characters,Deceased Characters
Leiko Wu (Earth-616),Secret Identity,Good Characters,Blue Eyes,Black Hair,Female Characters,Deceased Characters
Chase Stein (Earth-616),No Dual Identity,Good Characters,Blue Eyes,Blond Hair,Male Characters,Living Characters
Howard Hanover (Earth-616),Public Identity,,,Black Hair,Male Characters,Living Characters
Louise Grant (Earth-616),Secret Identity,Good Characters,Blue Eyes,Blond Hair,Female Characters,Living Characters
Grand Vizier (Asgard) (Earth-616),Secret Identity,Good Characters,,White Hair,Male Characters,Living Characters
Pyreus Kril (Earth-616),Secret Identity,Neutral Characters,White Eyes,Yellow Hair,Male Characters,Living Characters
Acroyear (Earth-616),No Dual Identity,Good Characters,Grey Eyes,No Hair,Male Characters,Living Characters
Yuriko Oyama (Earth-616),Secret Identity,Bad Characters,Brown Eyes,Black Hair,Female Characters,Living Characters
Elijah Bradley (Earth-616),Secret Identity,Good Characters,Brown Eyes,Bald,Male Characters,Living Characters
Frankie Raye (Earth-616),Secret Identity,Good Characters,Blue Eyes,Red Hair,Female Characters,Living Characters
Jimaine Szardos (Earth-616),Secret Identity,Good Characters,Blue Eyes,Blond Hair,Female Characters,Living Characters
Bethany Cabe (Earth-616),No Dual Identity,Good Characters,Green Eyes,Red Hair,Female Characters,Living Characters
Phillip Urich (Earth-616),Secret Identity,Bad Characters,Green Eyes,Brown Hair,Male Characters,Living Characters
Delroy Garrett Jr. (Earth-616),Secret Identity,Good Characters,Brown Eyes,Black Hair,Male Characters,Living Characters
Anya Corazon (Earth-616),Public Identity,Good Characters,Brown Eyes,Brown Hair,Female Characters,Living Characters
Victoria Hand (Earth-616),No Dual Identity,Neutral Characters,Hazel Eyes,Black Hair,Female Characters,Deceased Characters
Margaret Carter (Earth-616),Public Identity,Good Characters,Blue Eyes,White Hair,Female Characters,Deceased Characters
Clay Quartermain (Earth-616),No Dual Identity,,Blue Eyes,Blond Hair,Male Characters,Deceased Characters
Ghost (Earth-616),Secret Identity,Neutral Characters,Blue Eyes,Brown Hair,Male Characters,Living Characters
Jill Stacy (Earth-616),Public Identity,Neutral Characters,Blue Eyes,Black Hair,Female Characters,Living Characters
Abigail Brand (Earth-616),Secret Identity,Good Characters,Green Eyes,Green Hair,Female Characters,Living Characters
Carlie Cooper (Earth-616),No Dual Identity,Good Characters,Blue Eyes,Brown Hair,Female Characters,Living Characters
Paul Duval (Earth-616),Secret Identity,Bad Characters,Blue Eyes,Brown Hair,Male Characters,Living Characters
Blastaar (Earth-616),Secret Identity,Bad Characters,Grey Eyes,Grey Hair,Male Characters,Living Characters
Jericho Drumm (Earth-616),Public Identity,Good Characters,Brown Eyes,Brown Hair,Male Characters,Deceased Characters
Ruth Aldine (Earth-616),Secret Identity,Good Characters,,Black Hair,Female Characters,Living Characters
Azura (Earth-616),Secret Identity,Good Characters,Blue Eyes,Blond Hair,Female Characters,Living Characters
Cyclone (Horse) (Earth-616),Public Identity,Good Characters,,,Male Characters,Living Characters
Matthew Masters (Earth-616),Secret Identity,Good Characters,,Black Hair,Male Characters,Living Characters
Luna Maximoff (Earth-616),No Dual Identity,Good Characters,Blue Eyes,Blond Hair,Female Characters,Living Characters
Silhouette Chord (Earth-616),Secret Identity,Good Characters,Brown Eyes,Black Hair,Female Characters,Living Characters
Attuma (Earth-616),No Dual Identity,Bad Characters,Brown Eyes,Black Hair,Male Characters,Living Characters
Sally Blevins (Earth-616),Secret Identity,Good Characters,Blue Eyes,Blond Hair,Female Characters,Living Characters
James Sanders (Earth-616),Secret Identity,Neutral Characters,Brown Eyes,Blond Hair,Male Characters,Living Characters
Denis Nayland Smith (Earth-616),Secret Identity,Good Characters,,Bald,Male Characters,Deceased Characters
Andreas von Strucker (Earth-616),Secret Identity,Neutral Characters,Blue Eyes,Blond Hair,Male Characters,Deceased Characters
Patricia Tilby (Earth-616),Public Identity,Good Characters,Blue Eyes,Black Hair,Female Characters,Living Characters
Michael Collins (Earth-616),Secret Identity,Good Characters,Brown Eyes,Brown Hair,Male Characters,Living Characters
Groot (Earth-616),No Dual Identity,Good Characters,Black Eyes,No Hair,Male Characters,Living Characters
Vashti Cleito-Son (Earth-616),Secret Identity,Good Characters,,White Hair,Male Characters,Living Characters
Eric Williams (Earth-616),Public Identity,Bad Characters,Blue Eyes,Grey Hair,Male Characters,Living Characters
Gaea (Earth-616),Secret Identity,Good Characters,,,Female Characters,Living Characters
Raza Longknife (Earth-616),Secret Identity,Neutral Characters,One Eye,Orange Hair,Male Characters,Living Characters
Rom (Earth-616),Public Identity,Good Characters,Blue Eyes,Black Hair,Male Characters,Living Characters
Selene Gallio (Earth-616),Secret Identity,Bad Characters,Brown Eyes,Black Hair,Female Characters,Living Characters
Norman Harold Osborn (Earth-616),No Dual Identity,Bad Characters,Blue Eyes,Brown Hair,Male Characters,Living Characters
Michiko Musashi (Earth-616),Secret Identity,Good Characters,Brown Eyes,Black Hair,Female Characters,Living Characters
Skaar (Earth-616),No Dual Identity,Good Characters,Green Eyes,Black Hair,Male Characters,Living Characters
Ulik (Earth-616),Public Identity,Bad Characters,Brown Eyes,Brown Hair,Male Characters,Deceased Characters
Roxanne Simpson (Earth-616),Secret Identity,Good Characters,,,Female Characters,Deceased Characters
Sinthea Shmidt (Earth-616),Public Identity,Bad Characters,Brown Eyes,No Hair,Female Characters,Living Characters
George Washington Bridge (Earth-616),Secret Identity,Good Characters,Brown Eyes,White Hair,Male Characters,Deceased Characters
Molly Hayes (Earth-616),Secret Identity,Good Characters,Green Eyes,Brown Hair,Female Characters,Living Characters
Klaus Voorhees (Earth-616),Public Identity,Bad Characters,Blue Eyes,Bald,Male Characters,Living Characters
Vanisher (Earth-616),Secret Identity,Neutral Characters,Green Eyes,Bald,Male Characters,Living Characters
Skurge (Earth-616),Secret Identity,Bad Characters,Blue Eyes,Black Hair,Male Characters,Deceased Characters
Arthur Parks (Earth-616),,Bad Characters,Variable Eyes,Variable Hair,Male Characters,Living Characters
Bernadette Rosenthal (Earth-616),No Dual Identity,,Green Eyes,Auburn Hair,Female Characters,Living Characters
Nathan Lubensky (Earth-616),Public Identity,Good Characters,Blue Eyes,White Hair,Male Characters,Deceased Characters
David Haller (Earth-616),Secret Identity,Good Characters,Blue Eyes,Black Hair,Male Characters,Living Characters
Lemar Hoskins (Earth-616),Secret Identity,Good Characters,Brown Eyes,Black Hair,Male Characters,Living Characters
Donald Pierce (Earth-616),Secret Identity,Bad Characters,Blue Eyes,Blond Hair,Male Characters,Deceased Characters
Joseph Chapman (Earth-616),Secret Identity,Good Characters,Blue Eyes,Brown Hair,Male Characters,Living Characters
Karolina Dean (Earth-616),Secret Identity,Good Characters,Blue Eyes,Blond Hair,Female Characters,Living Characters
Bastion (Earth-616),Secret Identity,Bad Characters,Hazel Eyes,White Hair,Male Characters,Deceased Characters
Kull (Earth-616),Public Identity,Good Characters,Grey Eyes,Black Hair,Male Characters,Living Characters
Satana Hellstrom (Earth-616),No Dual Identity,Bad Characters,Red Eyes,Red Hair,Female Characters,Living Characters
Laynia Petrovna (Earth-616),Secret Identity,Good Characters,Brown Eyes,Blond Hair,Female Characters,Living Characters
Night Raven (Vigilante) (Earth-616),Secret Identity,Good Characters,Grey Eyes,Bald,Male Characters,Living Characters
Kavita Rao (Earth-616),No Dual Identity,Good Characters,Brown Eyes,Black Hair,Female Characters,Living Characters
Danielle Cage (Earth-616),No Dual Identity,Good Characters,Green Eyes,Black Hair,Female Characters,Living Characters
Frederick Foswell (Earth-616),Secret Identity,Neutral Characters,Blue Eyes,Brown Hair,Male Characters,Deceased Characters
John Greycrow (Earth-616),Secret Identity,Neutral Characters,Grey Eyes,Black Hair,Male Characters,Living Characters
Michael Duffy (Earth-616),Public Identity,Good Characters,,Brown Hair,Male Characters,Deceased Characters
Eric Koenig (Earth-616),No Dual Identity,Good Characters,Blue Eyes,Blond Hair,Male Characters,Deceased Characters
Zheng Zu (Earth-616),Secret Identity,Bad Characters,Green Eyes,Black Hair,Male Characters,Deceased Characters
Keniuchio Harada (Earth-616),Public Identity,Neutral Characters,Brown Eyes,Black Hair,Male Characters,Deceased Characters
Irene Adler (Earth-616),Secret Identity,Neutral Characters,White Eyes,Silver Hair,Female Characters,Deceased Characters
Marrina Smallwood (Earth-616),Secret Identity,Good Characters,Black Eyes,Green Hair,Female Characters,Living Characters
Fred Davis Jr. (Earth-616),Secret Identity,Good Characters,Blue Eyes,White Hair,Male Characters,Deceased Characters
Zelda DuBois (Earth-616),Public Identity,Bad Characters,Green Eyes,Auburn Hair,Female Characters,Living Characters
Beyonder (Earth-616),Secret Identity,Neutral Characters,Variable Eyes,Variable Hair,Male Characters,Living Characters
Roxanne Washington (Earth-616),Secret Identity,,,,Female Characters,Living Characters
Bonita Juarez (Earth-616),Secret Identity,Good Characters,Brown Eyes,Black Hair,Female Characters,Living Characters
Surtur (Earth-616),No Dual Identity,Bad Characters,Yellow Eyes,Red Hair,Male Characters,Deceased Characters
Stranger (Cosmic Being) (Earth-616),Secret Identity,Neutral Characters,White Eyes,White Hair,Male Characters,Living Characters
Brandy Clark (Earth-616),Public Identity,Good Characters,,Brown Hair,Female Characters,Living Characters
Lillian Crawley (Earth-616),Secret Identity,Good Characters,Hazel Eyes,Brown Hair,Female Characters,Deceased Characters
Ichabod (Earth-616),Secret Identity,Good Characters,,White Hair,Male Characters,Living Characters
