registration_dttm,id,first_name,last_name,email,gender,ip_address,cc,country,birthdate,salary,title,comments
2016-02-03T07:55:29Z,1,Amanda,Jordan,ajordan0@com.com,Female,1.197.201.2,6759521864920116,Indonesia,3/8/1971,49756.53,Internal Auditor,1E+02
2016-02-03T17:04:03Z,2,Albert,Freeman,afreeman1@is.gd,Male,218.111.175.34,,Canada,1/16/1968,150280.17,Accountant IV,
2016-02-03T01:09:31Z,3,Evelyn,Morgan,emorgan2@altervista.org,Female,7.161.136.94,6767119071901597,Russia,2/1/1960,144972.51,Structural Engineer,
2016-02-03T12:36:21Z,4,Denise,Riley,driley3@gmpg.org,Female,140.35.109.83,3576031598965625,China,4/8/1997,90263.05,Senior Cost Accountant,
2016-02-03T05:05:31Z,5,Carlos,Burns,cburns4@miitbeian.gov.cn,,169.113.235.40,5602256255204850,South Africa,,,,
2016-02-03T07:22:34Z,6,Kathryn,White,kwhite5@google.com,Transgender,195.131.81.179,3583136326049310,Indonesia,2/25/1983,69227.11,Account Executive,
2016-02-03T08:33:08Z,7,Samuel,Holmes,sholmes6@foxnews.com,Unknown,232.234.81.197,3582641366974690,Portugal,12/18/1987,14247.62,Senior Financial Analyst,
2016-02-03T06:47:06Z,8,Harry,Howell,hhowell7@eepurl.com,Secret,91.235.51.73,,Bosnia and Herzegovina,3/1/1962,186469.43,Web Developer IV,
2016-02-03T03:52:53Z,9,Jose,Foster,jfoster8@yelp.com,Obvious,132.31.53.61,,South Korea,3/27/1992,231067.84,Software Test Engineer I,1E+02
2016-02-03T18:29:47Z,10,Emily,Stewart,estewart9@opensource.org,Female,143.28.251.245,3574254110301671,Nigeria,1/28/1997,27234.28,Health Coach IV,
2016-02-03T12:10:42Z,11,Susan,Perkins,sperkinsa@patch.com,Female,180.85.0.62,3573823609854134,Russia,,210001.95,,
2016-02-03T18:04:34Z,12,Alice,Berry,aberryb at wikipedia.org,Female,246.225.12.189,4917830851454417,China,8/12/1968,22944.53,Quality Engineer,
2016-02-03T18:48:17Z,13,Justin,Berry,jberryc,Male,157.7.146.43,6331109912871813274,Zambia,8/15/1975,44165.46,Structural Analysis Engineer,
2016-02-03T21:46:52Z,14,Kathy,Reynolds,Unknown,Female,81.254.172.13,5537178462965976,Bosnia and Herzegovina,6/27/1970,286592.99,Librarian,
2016-02-03T08:53:23Z,15,Dorothy,Hudson,dhudsone@blogger.com,Female,8.59.7.0,3542586858224170,Japan,12/20/1989,157099.71,Nurse Practicioner,<script>alert('hi')</script>
2016-02-03T00:44:01Z,16,Bruce,Willis,bwillisf@bluehost.com,Male,239.182.219.189,3573030625927601,Brazil,,239100.65,,
2016-02-03T00:57:45Z,17,Emily,Andrews,eandrewsg@cornell.edu,Female,29.231.180.172,30271790537626,Russia,4/13/1990,116800.65,Food Chemist,
2016-02-03T16:44:24Z,18,Stephen,Wallace,swallaceh@netvibes.com,Male,152.49.213.62,5433943468526428,Ukraine,1/15/1978,248877.99,Account Representative I,
2016-02-03T11:45:54Z,19,Clarence,Lawson,clawsoni@vkontakte.ru,Male,107.175.15.152,3544052814080964,Russia,,177122.99,,
2016-02-03T10:30:36Z,20,Rebecca,Bell,rbellj@bandcamp.com,Female,172.215.104.127,,China,,137251.19,,
2016-02-03T13:17:24Z,21,Diane,Stevens,dstevensk@cnet.com,Female,141.243.73.164,,Russia,6/5/1985,87978.22,Food Chemist,?ƒ??????ƒ?ÿ?????????ƒ??ƒ??
2016-02-03T18:18:25Z,22,Lawrence,Ramos,lramosl@sourceforge.net,Male,46.72.4.6,3537473810855655,Tanzania,,131283.64,,
2016-02-03T18:50:55Z,23,Gregory,Barnes,gbarnesm@google.ru,Male,220.22.114.145,3538432455620641,Tunisia,1/23/1971,182233.49,Senior Sales Associate,?ª¡??ˆ?¬¡??? ??¡???øˆæª??
2016-02-03T04:05:40Z,24,Michelle,Ellis,mellisn@timesonline.co.uk,Female,239.81.215.135,3547383558025965,Tanzania,6/5/1964,278001.46,Tax Accountant,
2016-02-03T16:52:27Z,25,Rachel,Perkins,rperkinso@lulu.com,Female,90.173.28.95,633313663891003209,Russia,,176178.75,,
2016-02-03T08:02:34Z,26,Anthony,Lawrence,alawrencep@miitbeian.gov.cn,Male,121.211.242.99,564182969714151470,Japan,12/10/1979,170085.81,Electrical Engineer,
2016-02-03T08:41:26Z,27,Henry,Henry,hhenryq@godaddy.com,Male,191.88.236.116,4905730021217853521,China,9/22/1995,284300.15,Nuclear Power Engineer,
2016-02-03T17:09:12Z,28,Samuel,Hunter,shunterr@instagram.com,Male,72.190.230.173,5002353797389897,Brazil,9/21/1968,108950.24,Environmental Tech,
2016-02-03T03:16:14Z,29,Jacqueline,Holmes,jholmess@ustream.tv,Female,47.141.224.95,3555934842115316,United States,,247939.52,,???§????????T?ñ????????h??ýe????¬?????¬?œ?? ?????ñ?ÿ?????N?ÿ??e???ñz??????§??p???§???????e???ÿ?¯?ÿr??????§????????d???ÿ?????ª?i????????????a?ÿ???ª????n???? ?¯???ø????h?æ??i????v?›??e??????-???????¬??m?????®i???????n????d?œ?? ?????ý??o???????ø?ý???¯?f ???¦?ø?ø????????c????ý???????h?œ??a??????????o????????s??.?? ??Z?­???????ø?œ????a?­???ø???ªl?ý?®?????g?­???¬?ñ?????ª??o????.??
2016-02-03T21:37:49Z,30,Annie,Torres,atorrest@ning.com,Female,202.94.67.27,3530389861801215,Nigeria,5/20/1958,118310.72,Electrical Engineer,-1E+02
2016-02-03T19:09:48Z,31,Antonio,Berry,aberryu@ow.ly,Male,5.82.180.4,,Thailand,,135007.96,,
2016-02-03T21:05:47Z,32,Nicole,Martinez,nmartinezv@oakley.com,Female,46.32.149.87,,United States,,149720.75,,Z???????ÿ????A????????¯??L?œ????????????G?¯O??????
2016-02-03T12:30:59Z,33,Christina,Mason,cmasonw@nydailynews.com,Female,74.214.22.120,,Greece,7/21/1986,242593.85,Senior Sales Associate,
2016-02-03T23:11:43Z,34,Margaret,Barnes,mbarnesx@angelfire.com,Female,133.178.126.244,3582552005871223,South Africa,11/13/1969,109644.23,Human Resources Assistant II,
2016-02-03T08:24:41Z,35,Melissa,Kelly,mkellyy@unblog.fr,Female,179.132.207.169,6374648559206801,Indonesia,2/6/1968,45639.62,General Manager,T?????§?§o?? ?úi?ý?ª???¦??n?????v??????????o?????ø?ÿke???????§?¦???ñ?? ??t????????œ?¯?¦h?¬???ý???????ýe???œ?ø???ª?? ?›?¬?¯?ñ??h???????????œ?ýi???ý?œ?ø??v?¯?e?§?????¦?ø-m?›i??n???§???ý???ød?æ?¬???????¬???? ????ñ????r??????e??p?ÿr?¬???¯????e???§?ÿ?œs??????????e??????????ý???ªn???ª????????????t????ª???????¬??i?¦?ñn?ÿg???? ?????c?ª??h?­a???®?¯??o?®??????????s?????ý.???????œ
2016-02-03T07:27:52Z,36,Betty,Carr,bcarrz@parallels.com,Female,159.201.161.49,,France,,91370.3,,-1E2
2016-02-03T20:46:39Z,37,Dorothy,Gomez,dgomez10@jiathis.com,Female,65.111.200.146,493684876859391834,China,,57194.86,,
2016-02-03T22:34:38Z,38,Kathryn,Lane,klane11@netlog.com,Female,169.141.178.89,5308993357499254,Czech Republic,8/20/1964,67783.73,Paralegal,
2016-02-03T14:55:26Z,39,Jose,Murphy,jmurphy12@paypal.com,Male,118.85.253.180,4994715164232848,Chile,8/8/1991,134708.82,Nuclear Power Engineer,
2016-02-03T12:15:06Z,40,Jack,Flores,jflores13@yolasite.com,Male,162.215.65.11,3577342788590928,Argentina,1/28/1958,81685.1,Financial Advisor,
2016-02-03T19:52:04Z,41,Walter,Martinez,wmartinez14@spotify.com,Male,165.150.92.96,,Somalia,3/8/1972,212105.33,Health Coach I,
2016-02-03T04:33:04Z,42,Todd,Alvarez,talvarez15@csmonitor.com,Male,59.123.34.76,3557102122317535,Japan,12/19/1999,284728.99,Marketing Assistant,
2016-02-03T08:34:26Z,43,Amanda,Gray,agray16@cdbaby.com,Female,252.20.193.145,3561501596653859,China,8/28/1967,213410.26,Senior Quality Engineer,
2016-02-03T10:13:35Z,44,Sharon,Simpson,ssimpson17@weather.com,Female,242.68.147.87,,France,9/28/1963,133884.94,Analog Circuit Design manager,
2016-02-03T19:03:21Z,45,Bonnie,Collins,bcollins18@list-manage.com,Female,132.217.56.27,3540813015762450,Germany,7/21/1986,67661.42,Business Systems Development Analyst,
2016-02-03T04:43:17Z,46,Deborah,Armstrong,darmstrong19@addthis.com,Female,89.44.11.142,,Canada,4/8/1969,111569.22,Quality Control Specialist,ƒ?testƒ?
2016-02-03T08:09:40Z,47,Daniel,Mccoy,dmccoy1a@skype.com,Male,115.85.247.190,3554507990607374,Central African Republic,,66260.14,,ƒ?‹? ???? ???? ???? ???? ???? ???? ???? ???? ??? ???? ???? ???? ???? ????
2016-02-03T13:18:49Z,48,Jean,Flores,jflores1b@samsung.com,Female,211.70.131.207,5392903051983005,Nepal,4/6/1990,199100.32,Financial Advisor,
2016-02-03T17:50:49Z,49,Lisa,Snyder,lsnyder1c@woothemes.com,Female,145.202.177.215,30475362189761,Germany,12/12/1974,210631.91,Safety Technician II, ??
2016-02-03T03:14:55Z,50,Sean,Alexander,salexander1d@dagondesign.com,Male,89.83.147.177,,Bosnia and Herzegovina,5/29/1978,256068.38,Senior Financial Analyst,
2016-02-03T06:39:28Z,51,Ernest,Carroll,ecarroll1e@dailymail.co.uk,Male,194.224.39.215,5100172156945078,Portugal,11/1/1992,100269.36,Dental Hygienist,
2016-02-03T09:43:09Z,52,Louise,Dean,ldean1f@tamu.edu,Female,109.43.178.48,201996646854139,Ethiopia,,173300.37,,
2016-02-03T12:05:52Z,53,Ralph,Price,rprice1g@tmall.com,Male,152.6.235.33,4844227560658222,China,8/26/1986,168208.4,Teacher,
2016-02-03T02:41:09Z,54,George,Ferguson,gferguson1h@51.la,Male,129.108.219.50,3539784298399554,Macedonia,6/26/1971,153238.6,Computer Systems Analyst IV,?Ÿ??Ÿ¬?Ÿ???œ?Ÿ¬??Š­????¦????
2016-02-03T16:03:13Z,55,Anna,Montgomery,amontgomery1i@google.cn,Female,80.111.141.47,3586860392406446,China,9/6/1957,92837.5,Software Test Engineer IV,1E2
2016-02-03T15:40:49Z,56,Cheryl,Lawrence,clawrence1j@ameblo.jp,Female,171.155.78.116,,Finland,5/7/1985,200827.88,Recruiting Manager,
2016-02-03T00:33:25Z,57,Willie,Palmer,wpalmer1k@t-online.de,Male,164.107.46.161,4026614769857244,China,8/23/1986,184978.64,Environmental Specialist,
2016-02-03T05:55:57Z,58,Arthur,Berry,aberry1l@unc.edu,Male,52.42.24.55,3542761473624274,China,,144164.88,,
2016-02-03T17:13:13Z,59,Patricia,Marshall,pmarshall1m@dell.com,Female,47.108.196.175,,China,7/21/1984,69236.54,Environmental Specialist,
2016-02-03T02:34:12Z,60,Cynthia,Richards,crichards1n@dailymail.co.uk,Female,178.236.66.213,3557986543874466,Brazil,,179378.0,,
2016-02-03T10:44:46Z,61,David,Sanders,dsanders1o@fda.gov,Male,94.143.190.8,3585745042921822,Mexico,2/15/1963,197445.45,Data Coordiator,0‹?ƒŸœ 1‹?ƒŸœ 2‹?ƒŸœ 3‹?ƒŸœ 4‹?ƒŸœ 5‹?ƒŸœ 6‹?ƒŸœ 7‹?ƒŸœ 8‹?ƒŸœ 9‹?ƒŸœ ????
2016-02-03T21:14:41Z,62,Julia,Sullivan,jsullivan1p@wisc.edu,Female,32.183.154.67,6767624411254094,Bolivia,11/28/1963,118311.39,Electrical Engineer,
2016-02-03T20:12:59Z,63,Kevin,Butler,kbutler1q@symantec.com,Male,21.88.110.64,3551107057688681,Georgia,12/13/1962,129632.55,Database Administrator III,
2016-02-03T04:59:53Z,64,Dennis,Ross,dross1r@parallels.com,Male,78.25.77.223,,Portugal,5/27/1959,280933.71,Biostatistician II,
2016-02-03T05:50:26Z,65,Raymond,Jacobs,rjacobs1s@sohu.com,Male,188.52.98.175,5048378563875353,Indonesia,,13673.35,,
2016-02-03T20:47:40Z,66,Steven,Pierce,spierce1t@usgs.gov,Male,230.13.54.19,5100178880451481,Namibia,4/10/1965,152382.69,Analyst Programmer,
2016-02-03T06:27:11Z,67,Jonathan,Ellis,jellis1u@g.co,Male,125.115.227.203,,China,4/5/1991,268468.96,Staff Scientist,???
2016-02-03T12:48:36Z,68,Rachel,Price,rprice1v@census.gov,Female,89.52.192.105,,Indonesia,5/6/1982,234502.16,Payment Adjustment Coordinator,
2016-02-03T09:37:37Z,69,Harold,Olson,holson1w@chronoengine.com,Male,169.173.35.139,,China,7/25/1994,146917.43,Occupational Therapist,
2016-02-03T18:34:57Z,70,Pamela,Wagner,pwagner1x@gravatar.com,Female,184.97.191.144,5593584893781844,Italy,5/3/1964,253108.75,Automation Specialist I,1
2016-02-03T22:16:45Z,71,Stephanie,Watkins,swatkins1y@rakuten.co.jp,,124.183.29.113,30552863095190,Burkina Faso,8/29/1971,,Physical Therapy Assistant,
2016-02-03T20:14:14Z,72,John,Ortiz,jortiz1z@mozilla.org,Male,4.70.220.127,5194470971764378,Sweden,2/13/1978,91566.02,Analyst Programmer,
2016-02-03T18:24:24Z,73,Kimberly,Wheeler,kwheeler20@imgur.com,Female,26.46.50.55,,China,11/6/1978,31026.94,Junior Executive,
2016-02-03T03:33:24Z,74,Kathryn,Henderson,khenderson21@ask.com,Female,218.212.63.68,4936394111685353310,Ukraine,4/11/1985,59413.85,Pharmacist,-$1.00
2016-02-03T19:23:10Z,75,Catherine,Gibson,cgibson22@ebay.com,Female,204.84.35.26,5402007176101895,Indonesia,12/20/1984,92315.94,Desktop Support Technician,
2016-02-03T14:17:58Z,76,Carolyn,Nelson,cnelson23@tiny.cc,Female,64.13.61.211,4844223687165886,Estonia,3/9/1985,179193.6,Social Worker,
2016-02-03T05:57:35Z,77,Denise,Nguyen,dnguyen24@ovh.net,Female,18.208.48.116,201900233821394,China,,121013.48,,
2016-02-03T12:14:53Z,78,Mildred,Torres,mtorres25@alibaba.com,Female,38.102.60.15,6399156779396437,Russia,9/24/1960,166987.55,Paralegal,
2016-02-03T13:59:30Z,79,Linda,Shaw,lshaw26@psu.edu,Female,188.221.197.229,3557917782902346,Russia,9/30/1987,67211.67,Structural Analysis Engineer,
2016-02-03T23:02:26Z,80,Anna,Hudson,ahudson27@gmpg.org,Female,153.84.219.15,,Indonesia,9/12/1997,110408.87,VP Marketing,
2016-02-03T22:00:00Z,81,Albert,Pierce,apierce28@phoca.cz,Male,145.148.40.149,,Palestinian Territory,11/4/1955,43019.01,Web Developer III,0/0
2016-02-03T23:43:15Z,82,Carol,Franklin,cfranklin29@marketwatch.com,Female,32.189.30.244,67097647572873744,China,6/5/1978,31572.53,Automation Specialist II,
2016-02-03T13:34:32Z,83,Carlos,Washington,cwashington2a@phpbb.com,Male,90.239.40.124,67063904960748578,United States,11/4/1970,28853.61,Developer I,ƒ?‹? ???? ???? ???? ???? ???? ???? ???? ???? ??? ???? ???? ???? ???? ????
2016-02-03T01:31:21Z,84,Kathryn,Austin,kaustin2b@livejournal.com,Female,152.193.181.90,,Philippines,10/8/1990,131855.43,Nurse Practicioner,
2016-02-03T10:12:38Z,85,Lillian,Gardner,lgardner2c@hao123.com,Female,189.104.46.70,,Russia,10/28/1961,145282.64,Occupational Therapist,
2016-02-03T20:13:27Z,86,Peter,Mendoza,pmendoza2d@paypal.com,Male,77.225.63.206,3562330687037049,Mexico,12/23/1988,40664.88,Staff Scientist,
2016-02-03T02:28:53Z,87,Dennis,Torres,dtorres2e@ask.com,Male,199.131.129.105,50188330277167912,Croatia,5/25/1986,265985.0,Account Representative II,‡??‘?Ÿ‡??†??‚?›Š¦?†??‡ÿ?‡??‘??
2016-02-03T01:34:46Z,88,Timothy,Watkins,twatkins2f@toplist.cz,Male,120.52.182.111,,Tunisia,6/24/2000,242129.05,Operator,
2016-02-03T11:19:54Z,89,Nicole,Willis,nwillis2g@cmu.edu,Female,44.196.120.110,6394724888228638,Indonesia,2/1/1966,258772.36,Physical Therapy Assistant,
2016-02-03T18:45:51Z,90,Jacqueline,Carr,jcarr2h@freewebs.com,Female,197.40.38.49,201939989746686,China,5/31/1961,100733.44,Civil Engineer,(‹«­ƒ?? ƒ?? ƒ??‹«­)
2016-02-03T14:44:16Z,91,Theresa,Gonzalez,tgonzalez2i@nih.gov,Female,237.106.229.219,,Argentina,8/10/1970,47723.61,Product Engineer,
2016-02-03T06:09:45Z,92,Donald,Bradley,dbradley2j@latimes.com,Male,244.82.249.86,3534114122488321,Indonesia,7/8/2000,105051.77,Tax Accountant,
2016-02-03T15:20:53Z,93,Katherine,Little,klittle2k@cyberchimps.com,Female,61.43.154.182,30218284989094,Poland,1/20/1990,155597.16,Associate Professor,
2016-02-03T16:21:26Z,94,Ruth,Cooper,rcooper2l@apache.org,Female,114.82.62.61,,Indonesia,7/20/1993,181481.5,Civil Engineer,
2016-02-03T11:26:25Z,95,Stephen,Gutierrez,sgutierrez2m@walmart.com,Male,134.231.189.30,3560204445825528,Guatemala,8/22/1995,83986.79,Structural Engineer,
2016-02-03T04:19:20Z,96,Kevin,Scott,kscott2n@histats.com,Male,226.59.43.229,3558997916332270,United States,6/5/1966,130054.63,Graphic Designer,???????????‹œ¨??????ƒ?Ÿ
2016-02-03T23:08:48Z,97,Steven,Williamson,swilliamson2o@devhub.com,Male,122.216.99.88,,France,,238119.62,,
2016-02-03T04:24:11Z,98,Shawn,Adams,sadams2p@imdb.com,Male,148.92.123.202,5893564746795315893,Indonesia,11/10/1959,67749.83,Senior Developer,ƒ?®testƒ?®
2016-02-03T13:47:58Z,99,Russell,Fields,rfields2q@google.ca,Male,110.74.199.162,,Tanzania,1/2/1994,13268.99,Mechanical Systems Engineer,
2016-02-03T15:49:55Z,100,Willie,Weaver,wweaver2r@google.de,Male,13.54.121.138,3534023246040472,Mexico,8/21/1970,175694.61,Dental Hygienist,?­??????I???????n??????v???®ok?ý?®????i?????????ÿ??n?­?¯???œ?§g?ý?????????ª?? ?øt????h???ýe?›?? ??ª?ý??f???????œe????e?œ???l??????i?ÿ??????n???????????g? ??o?­???¦f???œ?ª ????????????c?????®??????????h?æ???œ????a????¬????o?¬?œ?s?›?ñ???§?????¯.???????ÿ?®?ø
2016-02-03T17:38:38Z,101,Louise,Hansen,lhansen2s@wiley.com,Female,93.9.95.6,,Indonesia,,241582.88,,
2016-02-03T19:25:26Z,102,Justin,Harvey,jharvey2t@com.com,Male,151.127.96.219,5610859739478303,China,1/7/1973,177230.52,Professor,?ƒ??????ƒ?ÿ?????????ƒ??ƒ??
2016-02-03T19:19:49Z,103,Aaron,Bailey,abailey2u@nyu.edu,Male,212.82.20.191,3547480670745866,Sweden,10/17/1998,49742.47,Programmer I,
2016-02-03T01:16:55Z,104,Carl,Collins,ccollins2v@unicef.org,Male,64.249.208.137,5100132961001186,China,9/27/1958,42185.2,Teacher,null
2016-02-03T17:05:17Z,105,John,Stone,jstone2w@bbb.org,,116.149.171.213,3564400883560314,Bulgaria,4/28/1972,,Quality Engineer,
2016-02-03T21:35:39Z,106,Jonathan,Wallace,jwallace2x@thetimes.co.uk,Male,43.37.188.105,67625052798747312,United States,11/18/1958,90686.59,Technical Writer,
2016-02-03T23:10:18Z,107,Irene,Grant,igrant2y@sciencedaily.com,Female,54.190.187.157,3573123556750181,Russia,,80083.39,,
2016-02-03T22:03:13Z,108,Lawrence,Morris,lmorris2z@google.com.au,Male,222.42.110.223,,Lebanon,12/18/1964,275527.02,Human Resources Manager,?Ÿ¯(‹¨œƒ??‹¨œ)?Ÿ¯:*:
2016-02-03T19:17:47Z,109,Gloria,Hamilton,ghamilton30@webmd.com,,73.114.61.187,30159872455108,Canada,3/9/1988,,Systems Administrator IV,
"2016-02-03T20:12:46Z,110,Kathryn,Bowman,kbowman31@cocolog-nifty.com,Female,192.216.111.3,3577981626139545,Ethiopia,10/7/1986,203281.91,Marketing Manager,""??™¬™ø??™æ????™????¦, ??™¬™???™?? ?™ñ??™???™????, ?™æ?¦ ??™ú??™¬?™???™ú??™??, ??™ø?™æ?¦ ??™??™???™??"""
2016-02-03T03:49:51Z,111,Linda,Baker,lbaker32@ucsd.edu,Female,127.8.0.133,3589475482571244,Mexico,,68571.67,,
2016-02-03T23:53:16Z,112,Nicole,Burns,nburns33@shutterfly.com,Female,227.228.31.252,3557169104731462,Portugal,10/13/1996,172847.04,Senior Editor,
2016-02-03T15:21:41Z,113,Mary,Cruz,mcruz34@theatlantic.com,Female,252.44.138.16,,France,,266115.82,,
2016-02-03T07:34:12Z,114,Richard,Dixon,rdixon35@auda.org.au,Male,100.139.186.129,3535443445341084,China,7/23/1971,193643.49,Health Coach IV,-1/2
2016-02-03T08:40:19Z,115,Larry,Morrison,lmorrison36@comcast.net,Male,113.45.66.248,6767451037912412,United States,10/1/1998,122235.49,Software Consultant,
2016-02-03T01:32:35Z,116,Mark,Mitchell,mmitchell37@creativecommons.org,Male,164.150.26.83,,Bosnia and Herzegovina,5/7/1994,44992.44,Senior Editor,-1
2016-02-03T02:25:16Z,117,Mark,Burton,mburton38@oakley.com,Male,124.236.47.185,3549096476243035,Thailand,6/11/1999,268876.47,Help Desk Operator,
2016-02-03T20:27:40Z,118,Randy,Kelley,rkelley39@amazonaws.com,Male,219.1.228.193,4026509995202696,Malaysia,,130062.87,,
2016-02-03T19:41:28Z,119,Craig,Sullivan,csullivan3a@columbia.edu,Male,249.152.168.88,,Russia,7/14/1985,259437.58,GIS Technical Architect,
2016-02-03T14:18:24Z,120,Kelly,Fuller,kfuller3b@webeden.co.uk,,104.13.230.181,6709741313285577939,China,2/27/1990,,Biostatistician I,
2016-02-03T03:45:16Z,121,Lori,Hudson,lhudson3c@yolasite.com,Female,154.116.215.52,,France,10/20/1966,249075.17,Web Designer I,
2016-02-03T14:06:53Z,122,Brandon,Fernandez,bfernandez3d@cdc.gov,Male,129.95.59.73,,Norfolk Island,2/4/1963,248316.41,Desktop Support Technician,
2016-02-03T08:28:51Z,123,Evelyn,Sims,esims3e@google.co.jp,,186.50.109.56,3573962587202211,Slovenia,6/1/1960,,Senior Sales Associate,ƒøƒ?ƒæƒ??ƒ?ƒ??
2016-02-03T02:06:06Z,124,John,Williamson,jwilliamson3f@whitehouse.gov,Male,89.15.102.7,5100134782679695,Russia,8/30/1994,80148.64,Registered Nurse,
2016-02-03T20:18:02Z,125,Victor,Fields,vfields3g@webmd.com,Male,120.234.179.42,5480969775503851,China,2/25/2000,278872.56,Web Designer I,
2016-02-03T17:10:17Z,126,Nicole,Davis,ndavis3h@hao123.com,Female,147.228.238.80,5277573290833913,Colombia,8/25/1998,15423.09,Quality Engineer,
2016-02-03T23:01:52Z,127,Deborah,Porter,dporter3i@istockphoto.com,Female,171.36.77.142,4903389517897807181,China,5/18/1959,271474.26,Engineer II,T?????§?§o?? ?úi?ý?ª???¦??n?????v??????????o?????ø?ÿke???????§?¦???ñ?? ??t????????œ?¯?¦h?¬???ý???????ýe???œ?ø???ª?? ?›?¬?¯?ñ??h???????????œ?ýi???ý?œ?ø??v?¯?e?§?????¦?ø-m?›i??n???§???ý???ød?æ?¬???????¬???? ????ñ????r??????e??p?ÿr?¬???¯????e???§?ÿ?œs??????????e??????????ý???ªn???ª????????????t????ª???????¬??i?¦?ñn?ÿg???? ?????c?ª??h?­a???®?¯??o?®??????????s?????ý.???????œ
2016-02-03T08:17:11Z,128,Deborah,Diaz,ddiaz3j@digg.com,Female,56.173.7.222,3572625044959720,Russia,8/22/1988,122968.8,Professor,
2016-02-03T05:31:48Z,129,Kathryn,Stewart,kstewart3k@blogs.com,Female,218.35.19.10,5576316032091475,Sweden,,250832.85,,
2016-02-03T11:32:02Z,130,Donald,Bowman,dbowman3l@bravesites.com,,249.51.171.8,,Indonesia,3/3/1990,,Environmental Tech,
2016-02-03T09:41:18Z,131,William,Reynolds,wreynolds3m@archive.org,Male,72.124.88.144,378294713435751,Philippines,10/2/1963,243703.19,Legal Assistant,
2016-02-03T20:58:59Z,132,Roger,Graham,rgraham3n@google.com.br,Male,113.18.154.229,4913989019207804,Belarus,3/10/1998,34400.44,Structural Analysis Engineer,
2016-02-03T02:53:31Z,133,Nicole,Fuller,nfuller3o@toplist.cz,Female,120.58.181.200,201789371484028,China,,239135.31,,
2016-02-03T05:27:16Z,134,Henry,Mccoy,hmccoy3p@prlog.org,Male,54.83.150.163,3581230564679862,Kazakhstan,,178852.92,,
2016-02-03T16:04:12Z,135,Philip,Butler,pbutler3q@dailymotion.com,Male,20.56.21.90,3571354497910178,Portugal,11/20/1962,103227.22,Compensation Analyst,() { 0
2016-02-03T11:37:21Z,136,David,Elliott,delliott3r@apache.org,Male,171.67.180.203,372301696747122,China,5/29/1961,141382.82,Information Systems Manager,
2016-02-03T00:35:29Z,137,Phillip,Vasquez,pvasquez3s@canalblog.com,Male,195.121.180.8,5602221706127365,Ethiopia,7/28/1992,274927.74,Internal Auditor,
2016-02-03T02:46:50Z,138,Paul,Robinson,probinson3t@springer.com,Male,225.50.204.243,201649256174716,China,1/24/1996,20615.39,Senior Quality Engineer, ??
2016-02-03T14:43:16Z,139,Sean,Mills,smills3u@google.com.au,Male,243.248.214.248,4936321724794112365,Peru,12/1/1993,68957.39,Financial Advisor,
2016-02-03T06:28:56Z,140,Christopher,Turner,cturner3v@imgur.com,Male,133.149.196.51,3548703903516609,Malaysia,2/10/1984,178720.21,Systems Administrator III,
2016-02-03T01:26:35Z,141,Dorothy,Parker,dparker3w@dyndns.org,Female,131.33.168.234,5602213040810251,Bolivia,,47314.92,,???????????‹œ¨??????ƒ?Ÿ
2016-02-03T04:09:38Z,142,Ruby,Hunt,rhunt3x@google.de,Female,132.64.246.173,337941550230428,Poland,10/20/1999,250638.66,Human Resources Manager,(‹??…ý‡??…ý‹¬?‹??‹¯¨ ƒ?¯ƒ?ƒ?¯
2016-02-03T18:08:58Z,143,Sharon,Reid,sreid3y@cbsnews.com,Female,241.243.225.183,4844180975298326,China,,267939.14,,
2016-02-03T18:34:17Z,144,James,Jackson,jjackson3z@usgs.gov,Male,216.152.137.29,201878566157125,China,8/24/1994,68009.56,Speech Pathologist,
2016-02-03T19:48:49Z,145,Joshua,Baker,jbaker40@engadget.com,Male,153.6.85.124,3581984230455657,Russia,6/1/1974,92535.32,Community Outreach Specialist,
2016-02-03T14:42:13Z,146,Patrick,Thompson,pthompson41@tiny.cc,Male,17.20.75.164,3531396137937078,China,,163038.6,,
2016-02-03T08:10:27Z,147,Sean,Jackson,sjackson42@imageshack.us,Male,25.194.104.168,201931638243710,Greece,8/22/1962,227328.5,Safety Technician II,
2016-02-03T17:30:01Z,148,Roy,Griffin,rgriffin43@qq.com,Male,218.32.125.75,3562205626938046,Cyprus,11/3/2000,150483.67,Internal Auditor,
2016-02-03T12:20:01Z,149,Gregory,Edwards,gedwards44@icq.com,Male,5.204.156.34,3548268624172124,Portugal,2/5/1977,236421.33,Librarian,
2016-02-03T04:31:08Z,150,Matthew,Henry,mhenry45@elegantthemes.com,Male,150.80.50.180,3588183044510434,China,,188108.3,,
2016-02-03T19:40:22Z,151,Anna,Clark,aclark46@omniture.com,Female,196.37.122.106,,Philippines,,271506.13,, ÿ?
2016-02-03T13:41:43Z,152,Victor,Ray,vray47@bbb.org,Male,135.134.36.70,,Indonesia,,24189.73,,
2016-02-03T22:05:52Z,153,Cheryl,Lynch,clynch48@diigo.com,Female,61.164.136.196,3570349675414341,Armenia,,181053.56,,
2016-02-03T16:52:01Z,154,William,Ramos,wramos49@nymag.com,Male,11.107.212.215,372301861384701,South Korea,,135993.67,,
2016-02-03T10:20:09Z,155,Andrea,Russell,arussell4a@seattletimes.com,Female,101.174.104.204,201970612367889,Mauritius,5/31/1974,165737.68,Project Manager,???ƒ??’?????ƒ?????ªƒ????
2016-02-03T11:17:00Z,156,Louise,Reed,lreed4b@unicef.org,Female,15.184.160.166,5641827945252562726,France,6/10/1966,121634.14,Electrical Engineer,?ÿ???ÿ?ñ?ÿ??ÿñ??ÿñ??ÿý??ÿ?
2016-02-03T13:27:12Z,157,,Rose,,Male,94.21.21.72,,France,,155562.05,,
2016-02-03T05:16:44Z,158,Howard,Jones,hjones4d@4shared.com,Male,87.211.155.0,3550057092631322,Yemen,3/11/1957,91481.77,VP Quality Control,
2016-02-03T10:56:35Z,159,Peter,Hanson,phanson4e@plala.or.jp,Male,254.75.217.183,,Tanzania,1/10/2001,270033.06,Community Outreach Specialist,ƒøƒ?ƒæ
2016-02-03T21:36:24Z,160,Sandra,Clark,sclark4f@simplemachines.org,,220.40.247.231,201538720709696,Philippines,1/23/1981,,Software Consultant,ƒ›
"2016-02-03T22:14:30Z,161,Melissa,Murphy,mmurphy4g@ucoz.ru,Female,146.142.253.203,3532904705795411,Philippines,11/13/1958,121854.47,Chemical Engineer,"""""""""""""
2016-02-03T12:28:10Z,162,Steve,Spencer,sspencer4h@deliciousdays.com,Male,109.138.4.34,,China,6/2/1964,79184.71,Teacher,() { _
2016-02-03T10:24:45Z,163,Marie,Smith,msmith4i@quantcast.com,Female,203.14.230.232,3531257958056309,Philippines,,42270.96,,
2016-02-03T21:01:55Z,164,Theresa,Martin,tmartin4j@google.fr,Female,18.167.112.31,3544667612875941,Cameroon,,111919.52,,
2016-02-03T23:12:17Z,165,Harold,Foster,hfoster4k@wisc.edu,Male,185.154.125.55,3529756786561038,China,,35462.52,,
2016-02-03T18:26:23Z,166,Marie,Grant,mgrant4l@xrea.com,Female,50.4.21.3,,Philippines,10/4/1984,80807.72,Legal Assistant,
2016-02-03T18:29:27Z,167,Joyce,Wright,jwright4m@state.gov,Female,147.122.157.254,3551392681215347,Thailand,4/16/1999,65876.95,Chemical Engineer,
2016-02-03T16:38:20Z,168,Rachel,Ellis,rellis4n@vkontakte.ru,Female,237.64.147.108,,France,11/28/1965,50521.84,Desktop Support Technician,
2016-02-03T08:11:10Z,169,Carol,Mccoy,cmccoy4o@jimdo.com,,94.71.44.199,,Philippines,2/11/1991,,Engineer I,
2016-02-03T04:13:57Z,170,Anne,Reed,areed4p@plala.or.jp,Female,223.33.106.169,,Russia,,244488.5,,
2016-02-03T09:25:41Z,171,Steven,Graham,sgraham4q@statcounter.com,Male,149.158.207.154,4878230873957,Uganda,,210675.65,,
2016-02-03T15:16:54Z,172,Virginia,Wagner,vwagner4r@prlog.org,Female,224.221.101.105,3545840865831940,China,6/12/1985,116359.29,Software Consultant,
2016-02-03T12:32:57Z,173,Amy,Garza,agarza4s@woothemes.com,Female,75.187.251.37,,China,,82283.83,,
2016-02-03T15:34:08Z,174,Lori,Reynolds,lreynolds4t@businesswire.com,Female,206.143.19.35,3546658471790188,Bosnia and Herzegovina,4/9/1972,95448.56,Computer Systems Analyst IV,
2016-02-03T12:11:22Z,175,Samuel,Edwards,sedwards4u@businessweek.com,Male,60.248.106.175,676249211413011686,Russia,10/15/1986,75886.69,Senior Sales Associate,<img src=x onerror=alert('hi') />
2016-02-03T03:46:17Z,176,Alice,Perez,aperez4v@cnbc.com,Female,235.132.21.103,,China,10/19/1971,16022.68,Associate Professor,
2016-02-03T22:59:42Z,177,Norma,Tucker,ntucker4w@ucoz.com,Female,25.28.214.56,30508150908628,China,1/26/1958,127715.63,Accounting Assistant IV,
2016-02-03T08:23:57Z,178,Cheryl,Watson,cwatson4x@webeden.co.uk,Female,13.132.13.35,3549987265023127,Russia,11/9/1988,80535.38,Software Test Engineer II,
"2016-02-03T10:54:30Z,179,Sharon,Watkins,swatkins4y@sogou.com,Female,124.84.149.26,5002352515275826,Poland,,260476.46,,""__‹??(,_,*)"""
2016-02-03T07:05:46Z,180,Sharon,Fields,sfields4z@aol.com,Female,70.167.129.80,3538813142575647,Mongolia,1/15/1992,43447.9,Accountant III,
2016-02-03T20:44:57Z,181,Jonathan,Parker,jparker50@slideshare.net,Male,139.54.219.252,,Russia,3/20/1985,225343.37,Structural Analysis Engineer,
2016-02-03T08:28:19Z,182,Kathy,Rogers,krogers51@scientificamerican.com,Female,204.202.53.213,3547943280351946,Portugal,9/3/1981,234655.06,Legal Assistant,
2016-02-03T05:02:39Z,183,Emily,Jordan,ejordan52@reverbnation.com,Female,146.113.31.114,3566081061776258,China,8/10/2000,235320.55,VP Quality Control,
2016-02-03T05:38:15Z,184,Angela,Cunningham,acunningham53@examiner.com,Female,12.18.181.94,3542227694452473,China,12/12/1960,220720.28,Tax Accountant,
2016-02-03T23:58:19Z,185,Raymond,Gonzalez,rgonzalez54@digg.com,Male,33.141.103.163,,France,3/3/1959,143901.18,Senior Cost Accountant,
2016-02-03T07:57:59Z,186,Teresa,Hunter,thunter55@pen.io,Female,145.196.125.64,,Russia,9/23/1974,100391.51,Operator,
2016-02-03T06:04:07Z,187,Wayne,Brown,wbrown56@ihg.com,Male,108.213.211.2,,Japan,2/18/1956,48708.54,Pharmacist,
2016-02-03T21:09:53Z,188,Peter,Palmer,ppalmer57@apple.com,Male,168.120.209.90,5602255258355909,China,11/24/1996,229308.44,Biostatistician I,
2016-02-03T08:25:25Z,189,Peter,Bowman,pbowman58@senate.gov,Male,188.210.170.125,3569097730197301,Norway,4/13/1958,269325.43,Clinical Specialist,
2016-02-03T14:35:01Z,190,Randy,Bishop,rbishop59@deviantart.com,Male,108.100.129.98,,Russia,5/3/1958,75942.64,Desktop Support Technician,
2016-02-03T15:09:56Z,191,Jane,Webb,jwebb5a@dyndns.org,Female,169.75.241.122,3530639501736548,China,3/29/1979,127088.79,Speech Pathologist,
2016-02-03T16:38:16Z,192,Kevin,Mcdonald,kmcdonald5b@fotki.com,Male,134.115.13.223,4041595811050,Russia,3/30/1968,217105.5,Dental Hygienist,
2016-02-03T23:43:10Z,193,Julia,Anderson,janderson5c@cbslocal.com,Female,157.218.30.218,4017951658384,Russia,12/12/1983,51701.32,Help Desk Operator,
2016-02-03T17:07:31Z,194,Roy,Grant,rgrant5d@skype.com,Male,206.151.211.209,5285674648398904,China,3/2/1990,70398.55,Senior Cost Accountant,
2016-02-03T00:36:46Z,195,Joe,Hayes,jhayes5e@opensource.org,Male,96.48.27.170,343842871636339,Indonesia,,239690.34,,
2016-02-03T07:20:45Z,196,Lillian,Perry,lperry5f@bigcartel.com,Female,35.71.128.205,,Portugal,,195580.83,,
2016-02-03T15:06:19Z,197,Wanda,Allen,wallen5g@globo.com,Female,70.97.102.253,,Japan,,66158.0,,
2016-02-03T06:42:19Z,198,Pamela,Tucker,ptucker5h@dedecms.com,Female,179.49.192.205,,Iran,10/23/1998,76690.52,Accountant III,
2016-02-03T02:15:16Z,199,Aaron,Torres,atorres5i@w3.org,Male,37.19.3.217,677135008088348640,Canada,4/18/1980,85100.7,Sales Associate,
2016-02-03T00:40:12Z,200,Russell,Ward,rward5j@surveymonkey.com,Male,73.156.128.8,,Sweden,,173849.81,,
2016-02-03T03:10:16Z,201,Brian,Meyer,bmeyer5k@t-online.de,Male,85.164.45.115,,Uganda,7/4/1963,252555.65,Senior Cost Accountant,
2016-02-03T01:55:50Z,202,,Reid,,Male,250.178.192.2,341376766134276,Philippines,,29840.12,,‡??‘?Ÿ‡??†??‚?›Š¦?†??‡ÿ?‡??‘??
2016-02-03T22:28:19Z,203,Jessica,Moore,jmoore5m@scribd.com,Female,37.99.144.191,,France,6/10/1995,86453.5,Quality Engineer,
2016-02-03T18:07:02Z,204,Lori,Bradley,lbradley5n@cbc.ca,Female,163.255.207.19,630410801067386630,Egypt,4/3/1962,51413.58,VP Marketing,ƒ›
2016-02-03T08:10:07Z,205,Alan,Russell,arussell5o@ycombinator.com,Male,1.221.43.150,6304408263523577973,Latvia,12/26/1966,72898.31,Media Manager IV,../../../../../../../../../../../etc/hosts
2016-02-03T02:27:56Z,206,Paul,Richards,prichards5p@ucoz.com,Male,98.90.137.78,30013814190721,Indonesia,11/14/1960,33828.83,Information Systems Manager,
2016-02-03T19:08:31Z,207,Kelly,Perkins,kperkins5q@t-online.de,Female,75.36.178.164,6393960107480227,Central African Republic,6/22/1994,36260.39,VP Accounting,
2016-02-03T10:46:59Z,208,Peter,Russell,prussell5r@disqus.com,Male,135.249.123.31,3572236463380362,Canada,9/26/1976,33193.8,Computer Systems Analyst IV,
2016-02-03T15:14:31Z,209,Jason,Kennedy,jkennedy5s@naver.com,Male,96.231.181.57,670967402184430618,Poland,9/7/1995,210044.79,Human Resources Manager,-1.00
2016-02-03T13:39:46Z,210,Ronald,Ross,rross5t@blogs.com,Male,218.192.146.104,6761029928396322919,Russia,,286061.25,,
2016-02-03T03:59:53Z,211,Judy,Lane,jlane5u@amazon.de,Female,115.110.137.8,3563169054008830,Ukraine,5/30/1964,196346.52,VP Product Management,
2016-02-03T10:12:56Z,212,Ann,Wheeler,awheeler5v@reddit.com,Female,33.158.60.218,3563943441615477,France,1/5/1991,112783.86,Senior Cost Accountant,
2016-02-03T04:55:14Z,213,Denise,Rivera,drivera5w@ibm.com,Female,188.252.157.157,560225515529479734,China,2/3/1963,185445.08,Registered Nurse,
2016-02-03T19:20:36Z,214,Anthony,Pierce,apierce5x@uol.com.br,Male,237.250.226.6,4913528445025610,Finland,3/28/1990,247208.27,Data Coordiator,
2016-02-03T00:28:50Z,215,Philip,Fox,pfox5y@vimeo.com,Male,65.223.141.140,,Israel,9/5/1991,218538.31,Graphic Designer,
2016-02-03T17:34:18Z,216,Samuel,Brooks,sbrooks5z@blog.com,Male,52.102.175.234,5476423659726150,Thailand,,166171.93,,
2016-02-03T13:38:39Z,217,Jacqueline,Long,jlong60@ft.com,Female,224.233.224.14,,Sweden,8/4/1985,248037.18,Media Manager II,
2016-02-03T16:59:48Z,218,Mark,Crawford,mcrawford61@barnesandnoble.com,Male,170.49.234.141,3531968310624887,Indonesia,9/13/1967,236048.29,Nurse Practicioner,-1/2
2016-02-03T18:11:22Z,219,Frances,Day,fday62@hexun.com,Female,224.50.175.79,564182785762869155,Russia,12/30/1984,53679.54,Quality Engineer,
2016-02-03T18:39:59Z,220,William,Green,wgreen63@phpbb.com,Male,196.214.172.92,,Nigeria,1/12/1997,22866.39,Developer II,
2016-02-03T22:29:46Z,221,Robin,Montgomery,rmontgomery64@uol.com.br,Female,117.255.30.224,4508764341809721,China,1/2/1996,111349.02,Human Resources Assistant I,`ƒ?ƒ?ªƒ??ƒ?§‹ª‹ª?ƒ?­?ø?úƒ??ƒ???ñ
2016-02-03T00:43:56Z,222,Sara,Price,sprice65@usatoday.com,Female,46.58.242.198,,Canada,2/11/1959,49611.44,Sales Representative,
2016-02-03T14:43:57Z,223,George,Crawford,gcrawford66@cyberchimps.com,Male,54.94.114.254,,Trinidad and Tobago,2/14/1962,277545.53,Executive Secretary,
2016-02-03T16:17:53Z,224,Cheryl,Lopez,clopez67@admin.ch,Female,110.242.253.100,6759027635378563768,Saudi Arabia,9/10/1995,101840.77,Civil Engineer,
2016-02-03T03:57:11Z,225,Phyllis,Wallace,pwallace68@ifeng.com,Female,210.170.214.235,3573294260178710,Afghanistan,,220302.18,,ƒ?testƒ?
2016-02-03T12:21:02Z,226,James,Austin,jaustin69@istockphoto.com,Male,228.107.68.143,4913037818454290,Russia,,25084.49,,
2016-02-03T13:35:43Z,227,Judith,Mason,jmason6a@whitehouse.gov,,57.28.199.239,3535921361629095,Finland,5/19/1976,,Senior Developer,
2016-02-03T04:22:04Z,228,Dennis,Mcdonald,dmcdonald6b@oaic.gov.au,Male,1.117.145.216,3584585436979627,France,12/26/1966,280888.16,Database Administrator III,
2016-02-03T22:38:44Z,229,David,Bailey,dbailey6c@ning.com,Male,7.119.133.250,3571033134604887,Bolivia,7/21/1958,158817.59,Chemical Engineer, ??
2016-02-03T01:43:18Z,230,Billy,Ruiz,bruiz6d@lulu.com,Male,223.177.106.183,5007667886065398,China,7/14/1978,265655.28,Marketing Assistant,
2016-02-03T17:11:43Z,231,Anna,Banks,abanks6e@flavors.me,Female,179.255.173.63,3542517044616466,Vietnam,12/26/1978,242128.51,Assistant Media Planner,
2016-02-03T08:11:06Z,232,Irene,Crawford,icrawford6f@rediff.com,Female,194.7.185.73,,Brazil,10/22/1985,42567.61,Safety Technician I,
2016-02-03T13:42:46Z,233,Jesse,Rivera,jrivera6g@spiegel.de,Male,71.203.191.189,,France,,216475.48,,
2016-02-03T21:53:48Z,234,Amanda,Coleman,acoleman6h@so-net.ne.jp,Female,237.213.62.93,5514881232043829,Sudan,,81503.73,,
2016-02-03T22:00:22Z,235,Larry,Gilbert,lgilbert6i@youku.com,,235.88.137.193,5310154253088560,China,,,,
2016-02-03T01:29:09Z,236,Harry,Patterson,hpatterson6j@histats.com,Male,253.211.95.188,6333603531678566534,China,7/2/1969,152915.75,VP Accounting,
2016-02-03T09:08:22Z,237,Louise,Turner,lturner6k@admin.ch,Female,111.82.90.240,3583446694719422,Cuba,7/16/1996,239971.48,Research Nurse,
2016-02-03T14:42:05Z,238,Lillian,Griffin,lgriffin6l@devhub.com,Female,179.189.77.179,5108759653772419,Uganda,,144903.68,,
2016-02-03T02:40:16Z,239,Johnny,Turner,jturner6m@hugedomains.com,Male,174.112.76.223,,Indonesia,12/4/1999,36865.05,Graphic Designer,
2016-02-03T01:32:15Z,240,Albert,Wright,awright6n@redcross.org,,3.99.214.184,,Netherlands,1/24/1976,,Food Chemist,
2016-02-03T09:47:00Z,241,Helen,White,hwhite6o@about.com,Female,174.111.183.195,633110010253952356,China,4/10/1955,269519.07,Research Nurse,?Ÿ¯(‹¨œƒ??‹¨œ)?Ÿ¯:*:
2016-02-03T23:08:05Z,242,Lisa,Hill,lhill6p@taobao.com,Female,221.13.100.10,3577519126662374,China,10/4/1999,220086.62,General Manager,
2016-02-03T10:35:23Z,243,Eugene,Pierce,epierce6q@webnode.com,Male,187.174.39.195,,Namibia,5/10/1993,219259.56,Geological Engineer,
2016-02-03T12:01:45Z,244,Sarah,Freeman,sfreeman6r@wikimedia.org,Female,219.8.22.27,30520943172503,United States,3/25/1958,25806.31,Budget/Accounting Analyst II,ƒøƒ?ƒæ
2016-02-03T09:52:59Z,245,Russell,Gonzalez,rgonzalez6s@opensource.org,Male,158.122.4.195,,Tanzania,8/31/1996,185682.77,Payment Adjustment Coordinator,
2016-02-03T17:45:52Z,246,Kimberly,Henderson,khenderson6t@cargocollective.com,Female,89.33.32.173,,Indonesia,3/10/1964,123396.5,Teacher,
2016-02-03T05:56:12Z,247,Sara,Webb,swebb6u@seesaa.net,,137.107.69.146,,Indonesia,4/19/1990,,Geologist IV,
2016-02-03T05:37:37Z,248,Albert,Robinson,arobinson6v@reference.com,Male,133.156.252.94,,Ukraine,12/31/1978,58252.31,Executive Secretary,
2016-02-03T17:24:57Z,249,Bonnie,Gardner,bgardner6w@pen.io,Female,131.229.189.236,,Russia,10/21/1989,244640.93,Payment Adjustment Coordinator,
2016-02-03T14:43:52Z,250,Gloria,Cox,gcox6x@amazon.com,Female,129.145.84.114,36905445864984,China,,220315.05,,
2016-02-03T11:56:20Z,251,Jose,Boyd,jboyd6y@lulu.com,Male,124.190.75.31,5002351606577512,Brazil,,27277.25,,
2016-02-03T22:48:50Z,252,Carl,Watkins,cwatkins6z@springer.com,Male,244.219.5.129,4911362331419549907,South Africa,,266675.71,,
2016-02-03T06:52:18Z,253,Ruth,Kennedy,rkennedy70@nbcnews.com,,38.237.175.28,201846239711743,Russia,,,,
2016-02-03T03:59:47Z,254,Mark,Jones,mjones71@theglobeandmail.com,Male,146.18.150.135,3559875238508810,Canada,2/7/1962,118900.17,Recruiter,
2016-02-03T16:11:14Z,255,Lawrence,Williams,lwilliams72@ocn.ne.jp,Male,109.24.217.185,374283273084715,Malta,12/16/1977,208080.39,Research Assistant II,
2016-02-03T03:08:08Z,256,Roy,Shaw,rshaw73@diigo.com,Male,44.42.122.105,3547841178508116,China,9/10/1987,76515.11,Graphic Designer,
2016-02-03T20:51:46Z,257,Stephen,Lawrence,slawrence74@google.co.jp,Male,232.117.209.226,5385670111277368,Dominican Republic,2/6/1996,271701.21,Mechanical Systems Engineer,
2016-02-03T14:53:40Z,258,Sharon,Foster,sfoster75@dedecms.com,Female,77.201.122.124,377598311270027,Ukraine,5/17/1970,213693.1,Paralegal,
2016-02-03T16:26:51Z,259,Lisa,Rodriguez,lrodriguez76@admin.ch,Female,8.131.242.60,,France,6/5/1962,144380.34,Engineer III,
2016-02-03T07:23:10Z,260,Marie,Brooks,mbrooks77@walmart.com,Female,210.214.101.111,3568383195079809,Czech Republic,4/19/1995,168286.74,Research Nurse,
2016-02-03T06:20:49Z,261,Kathleen,Garza,kgarza78@angelfire.com,Female,233.255.83.213,30156268773862,Philippines,,279439.22,,/dev/null
2016-02-03T02:37:44Z,262,Roy,Weaver,rweaver79@mediafire.com,Male,76.108.179.163,6385586633740584,Indonesia,11/25/1998,206503.74,Nuclear Power Engineer,
2016-02-03T16:09:36Z,263,Russell,Bennett,rbennett7a@icq.com,Male,189.5.205.23,,Japan,,120323.4,,
2016-02-03T21:15:15Z,264,Willie,Hernandez,whernandez7b@techcrunch.com,Male,118.190.253.70,4041376783106708,Mexico,6/10/1957,23469.47,Developer II,?Ÿ¯(‹¨œƒ??‹¨œ)?Ÿ¯:*:
"2016-02-03T12:29:16Z,265,Judith,Simpson,jsimpson7c@taobao.com,,105.52.110.107,6378542962124121,Indonesia,12/12/1983,,Project Manager,""""""'""""'""""''''"""""""
2016-02-03T08:57:16Z,266,Nicholas,Alvarez,nalvarez7d@1und1.de,Male,157.184.75.204,,Honduras,5/21/1994,26026.44,Recruiting Manager,
2016-02-03T01:41:37Z,267,Roger,Patterson,rpatterson7e@cbslocal.com,Male,41.79.99.103,67617015896663970,Russia,1/17/1985,158186.92,Electrical Engineer,
2016-02-03T22:43:37Z,268,Sandra,Adams,sadams7f@uiuc.edu,Female,98.61.205.185,3532825028222157,Thailand,,210773.28,,ƒ??
2016-02-03T21:05:51Z,269,Michelle,Reyes,mreyes7g@ow.ly,Female,178.116.230.139,3551444718554246,China,11/24/2000,207226.25,Automation Specialist I,$1.00
2016-02-03T13:47:44Z,270,Melissa,Fernandez,mfernandez7h@i2i.jp,Female,86.119.146.80,,Sweden,,183331.47,,
2016-02-03T23:10:58Z,271,Martha,Reid,mreid7i@google.co.jp,Female,66.16.159.81,,Indonesia,,163970.4,,
2016-02-03T05:05:03Z,272,Maria,Nelson,mnelson7j@businessinsider.com,Female,244.48.158.59,,Portugal,12/21/1997,57583.16,Structural Analysis Engineer,
2016-02-03T04:56:46Z,273,Ann,Garcia,agarcia7k@lycos.com,Female,255.140.187.137,,China,5/8/1967,93969.56,Business Systems Development Analyst,../../../../../../../../../../../etc/passwd%00
2016-02-03T08:24:35Z,274,Cheryl,West,cwest7l@hhs.gov,Female,193.178.227.252,3539953757303247,Japan,9/23/1962,278945.86,Structural Analysis Engineer,
2016-02-03T16:47:30Z,275,Daniel,Clark,dclark7m@opensource.org,Male,238.90.108.25,,Poland,1/16/1978,181694.23,General Manager,
2016-02-03T19:50:33Z,276,Christine,Cunningham,ccunningham7n@wp.com,Female,223.92.43.118,5602250470905243,Argentina,2/26/1973,218124.48,Compensation Analyst,../../../../../../../../../../../etc/hosts
2016-02-03T15:33:42Z,277,Maria,Price,mprice7o@tripod.com,Female,151.69.217.157,5002352090466105,Philippines,9/9/1970,18608.43,Design Engineer,
2016-02-03T11:32:24Z,278,Joseph,Henderson,jhenderson7p@omniture.com,Male,150.14.58.63,3589701033698438,Honduras,1/27/1997,152568.71,Structural Analysis Engineer,
2016-02-03T16:23:44Z,279,Julia,Garcia,jgarcia7q@aol.com,Female,22.200.180.37,633338347057069037,Canada,,19078.57,,
2016-02-03T13:25:04Z,280,Andrea,Mcdonald,amcdonald7r@opensource.org,Female,35.61.115.2,4917526443727555,Argentina,2/27/1993,102882.64,Operator,
"2016-02-03T04:51:35Z,281,Annie,Ryan,aryan7s@pagesperso-orange.fr,Female,118.116.180.166,,Indonesia,7/14/1981,252768.16,Project Manager,""?®?? ????? ?????ú?¦ ?????????¦??????????, ?ª?ý???ñ?¦?? ???????¦???????? ?œ?? ??????. ??ø ???????? ???????¦???ñ ???¦???æ???? ?Ÿ????. ?œ?????? ?????ú?????????? ???ñ???ú????????-??ñ?????? ???? ?œ???ø. ?????????????? ??¦????????? ?????? ????, ???ø?Ÿ?ñ ???????????? ?œ?? ??????, ???????????? ?????????????? ??????ú?????? ???? ?????."""
2016-02-03T11:38:00Z,282,,Patterson,,Male,87.218.134.174,,China,,83888.12,,
2016-02-03T15:10:57Z,283,Anne,Diaz,adiaz7u@spiegel.de,Female,248.45.157.225,,Vietnam,,100320.59,,
2016-02-03T04:09:06Z,284,Rebecca,Morgan,rmorgan7v@dion.ne.jp,Female,117.171.248.72,5002355355570776,China,,59816.49,,??????«
2016-02-03T13:30:46Z,285,Diane,Andrews,dandrews7w@ovh.net,Female,68.218.60.101,201483580672124,China,6/22/1971,220625.63,Civil Engineer,
2016-02-03T07:35:35Z,286,Rose,Fox,rfox7x@quantcast.com,Female,35.230.119.1,,Indonesia,7/16/1969,214031.75,Software Test Engineer III,
2016-02-03T06:12:42Z,287,Jack,Medina,jmedina7y@fda.gov,Male,9.75.62.253,,Nigeria,10/11/1972,170057.49,Actuary,
2016-02-03T02:29:14Z,288,Sarah,Fox,sfox7z@hostgator.com,Female,242.80.246.71,6304732681291279182,Sweden,7/16/1973,209939.32,Environmental Tech,
2016-02-03T16:34:28Z,289,Aaron,Andrews,aandrews80@cdc.gov,Male,70.29.137.234,5100131505725375,Indonesia,1/26/1963,90053.14,Desktop Support Technician,
2016-02-03T16:18:49Z,290,Peter,Wilson,pwilson81@paypal.com,Male,60.111.80.209,4175009119928317,Armenia,5/17/1964,168177.8,Staff Scientist,
2016-02-03T00:27:06Z,291,Julia,Medina,jmedina82@cbc.ca,Female,43.27.110.171,30163835573619,Russia,8/12/1991,109927.88,Software Engineer II,
2016-02-03T03:38:05Z,292,,Fuller,,Female,228.87.243.103,5100135705084095,Paraguay,,256483.86,,
2016-02-03T12:35:09Z,293,Amy,Cook,acook84@prlog.org,,186.92.46.224,,Ukraine,7/23/1976,,Human Resources Assistant III,
2016-02-03T19:16:04Z,294,William,Carroll,wcarroll85@constantcontact.com,Male,92.198.229.26,30457996962250,Argentina,6/6/1970,78107.8,Social Worker,
"2016-02-03T14:04:09Z,295,Debra,Harvey,dharvey86@tumblr.com,Female,140.159.230.237,36243474250796,Czech Republic,12/1/1998,189933.73,Desktop Support Technician,"",????Ÿ¯:*:?Ÿ¯???ƒ??( ƒ?¯ ?? ƒ?¯ )????Ÿ¯:*:?Ÿ¯???ƒ??"""
2016-02-03T07:54:32Z,296,Cynthia,Snyder,csnyder87@bloglovin.com,Female,231.107.167.115,30571983351176,Thailand,,42300.34,,
2016-02-03T09:34:20Z,297,Cynthia,Banks,cbanks88@canalblog.com,Female,97.135.107.53,,Colombia,6/13/1990,26887.78,Help Desk Operator,
2016-02-03T10:12:00Z,298,Susan,Daniels,sdaniels89@paginegialle.it,,30.79.151.22,201481541679543,Sweden,10/5/1982,,Editor,
2016-02-03T16:37:20Z,299,Ann,Martin,amartin8a@g.co,Female,86.123.93.203,5503422181891216,Russia,,41391.87,,!@#$%^&*()
2016-02-03T18:18:44Z,300,Diana,Griffin,dgriffin8b@barnesandnoble.com,Female,180.39.198.167,,El Salvador,8/8/1982,275864.65,Senior Cost Accountant,
2016-02-03T12:04:13Z,301,Jerry,Welch,jwelch8c@paginegialle.it,Male,141.166.33.218,5602252929753349,Latvia,3/14/1973,28731.89,Software Engineer I,
2016-02-03T07:23:30Z,302,Jack,Sims,jsims8d@ehow.com,Male,112.28.51.11,5100147449336459,Laos,5/22/1975,215535.07,Environmental Tech,
2016-02-03T02:17:52Z,303,Samuel,Carr,scarr8e@topsy.com,,36.190.152.83,3535682548716771,Kazakhstan,9/5/2000,,Food Chemist,
2016-02-03T17:49:53Z,304,Adam,Ford,aford8f@printfriendly.com,Male,92.41.240.203,3572244125242855,Iran,9/18/1992,137009.08,Compensation Analyst,
2016-02-03T14:25:10Z,305,Catherine,Kennedy,ckennedy8g@netlog.com,Female,36.19.255.72,,Indonesia,7/29/1987,34756.42,Analyst Programmer,
2016-02-03T23:41:53Z,306,Denise,Jackson,djackson8h@bing.com,Female,225.27.5.1,4905155636214496,Portugal,8/6/1998,112092.4,Clinical Specialist,
2016-02-03T05:22:57Z,307,Gerald,Morales,gmorales8i@sphinn.com,Male,150.216.108.31,4913566561889435,Finland,6/30/1977,20446.45,Structural Analysis Engineer,
2016-02-03T15:28:53Z,308,Mark,Bishop,mbishop8j@telegraph.co.uk,Male,214.9.52.27,3541750135587897,Argentina,4/9/1968,209961.64,Marketing Manager,
2016-02-03T16:36:59Z,309,Todd,Reid,treid8k@mtv.com,Male,196.142.131.83,3565161523688936,China,10/24/1971,281530.51,Computer Systems Analyst III,
2016-02-03T20:41:51Z,310,Roger,Harvey,rharvey8l@wikia.com,Male,44.106.196.32,3530337305581612,South Africa,4/4/1957,24808.18,Junior Executive,
2016-02-03T16:55:41Z,311,Rachel,Fields,rfields8m@technorati.com,Female,73.54.75.10,3539701647195533,China,6/17/1959,131098.87,Nurse Practicioner,?ÿ???ÿ?ñ?ÿ??ÿñ??ÿñ??ÿý??ÿ?
2016-02-03T16:39:07Z,312,Benjamin,Burton,bburton8n@digg.com,Male,68.151.107.218,30574471382570,China,,249091.37,,ƒ?¦ƒ?¦testƒ?¦
2016-02-03T10:35:23Z,313,Joe,Porter,jporter8o@wsj.com,,124.19.16.111,3561851156107063,France,4/13/1986,,Systems Administrator II,
2016-02-03T00:16:47Z,314,James,Harvey,jharvey8p@npr.org,Male,96.88.41.248,3589416270039051,China,,211553.57,,
2016-02-03T15:37:28Z,315,Donald,Anderson,danderson8q@epa.gov,Male,156.112.173.113,3548021399345486,Pakistan,11/20/1990,82123.65,Teacher,
2016-02-03T02:57:14Z,316,Gary,Holmes,gholmes8r@cargocollective.com,Male,230.10.206.31,3575199572250875,Russia,10/21/1975,247710.03,Civil Engineer,
2016-02-03T16:20:04Z,317,Aaron,Rose,arose8s@woothemes.com,Male,186.137.237.106,,Indonesia,10/2/1984,231781.92,Media Manager IV,
2016-02-03T03:34:29Z,318,Antonio,Day,aday8t@msu.edu,Male,44.9.54.142,5100130056829198,China,,250583.46,,??‰??‰ø?¡?ÿ‰?
2016-02-03T04:19:51Z,319,Mark,Burns,mburns8u@1688.com,Male,98.246.8.107,3567974101912272,China,6/5/1967,154295.86,Recruiting Manager,
2016-02-03T09:52:34Z,320,Alan,Gutierrez,agutierrez8v@amazon.com,Male,183.187.106.78,3534460582989161,Peru,,91826.47,,
2016-02-03T17:11:57Z,321,Raymond,Fernandez,rfernandez8w@npr.org,Male,62.38.41.142,3584299812770655,Portugal,12/29/1976,240114.44,Biostatistician III,
2016-02-03T00:28:21Z,322,Frances,Fisher,ffisher8x@businessinsider.com,Female,55.187.133.82,30168292124913,Poland,11/4/1997,140594.79,Geologist IV,‡??‘?Ÿ‡??†??‚?›Š¦?†??‡ÿ?‡??‘??
2016-02-03T19:24:03Z,323,Barbara,Garcia,bgarcia8y@woothemes.com,Female,91.219.134.204,3573480498209076,Indonesia,4/9/1967,245612.21,Mechanical Systems Engineer,
2016-02-03T11:48:28Z,324,Edward,Wheeler,ewheeler8z@icio.us,Male,208.162.29.147,,Indonesia,10/21/1988,120044.03,Analyst Programmer,() { _
2016-02-03T08:53:09Z,325,Stephen,Hughes,shughes90@ucla.edu,Male,26.193.148.160,,Canada,5/29/1970,177875.38,Engineer III,
2016-02-03T02:28:01Z,326,Mildred,Cole,mcole91@patch.com,Female,163.208.111.189,,Poland,,29265.36,,
2016-02-03T20:04:56Z,327,Gloria,Lawrence,glawrence92@usa.gov,Female,197.180.51.37,,Belgium,1/7/1999,208938.05,Electrical Engineer,
2016-02-03T14:03:42Z,328,Lisa,Mason,lmason93@economist.com,Female,228.109.184.116,5290807813924160,Democratic Republic of the Congo,,267126.78,,
2016-02-03T20:51:54Z,329,Norma,Fields,nfields94@vinaora.com,Female,233.81.148.142,4844720370247533,Sudan,6/14/1998,238760.12,VP Quality Control,
2016-02-03T07:12:45Z,330,Justin,Schmidt,jschmidt95@hugedomains.com,Male,15.117.154.114,3541977633583637,Italy,11/14/1962,179172.97,Electrical Engineer,
2016-02-03T03:31:32Z,331,Ann,Collins,acollins96@hibu.com,Female,210.80.106.6,5562459958687425,Brazil,1/15/1993,194872.52,Community Outreach Specialist,
2016-02-03T17:46:15Z,332,Martha,Kelly,mkelly97@scribd.com,Female,132.217.236.230,,Indonesia,10/26/1985,127100.05,Accounting Assistant I,
2016-02-03T15:24:58Z,333,Billy,Ford,bford98@pbs.org,Male,59.194.158.95,3532643507474086,Indonesia,11/27/1992,89429.08,Web Designer III,
2016-02-03T19:23:16Z,334,Louis,Shaw,lshaw99@dropbox.com,Male,248.10.59.140,5893594634182738,Brazil,,101175.81,, ÿ?
2016-02-03T09:55:12Z,335,Jennifer,Hill,jhill9a@shutterfly.com,Female,79.142.132.203,,Sri Lanka,8/30/1958,109168.52,Nuclear Power Engineer,
2016-02-03T06:47:33Z,336,Keith,Perez,kperez9b@edublogs.org,Male,128.98.202.57,,Indonesia,,228238.52,,
2016-02-03T05:00:57Z,337,Philip,Hanson,phanson9c@drupal.org,Male,231.225.176.51,490385901588695913,China,7/23/1977,192269.48,Computer Systems Analyst II,
2016-02-03T07:19:38Z,338,Richard,Henderson,rhenderson9d@dion.ne.jp,Male,15.5.126.183,,Ivory Coast,11/21/1996,186570.75,Health Coach III,
2016-02-03T17:42:47Z,339,Peter,Coleman,pcoleman9e@dyndns.org,Male,100.206.206.42,3530231176593535,Colombia,4/30/1956,79574.68,Web Developer III,
2016-02-03T06:59:55Z,340,Stephen,Perry,sperry9f@stumbleupon.com,Male,250.170.76.30,,Japan,3/2/1986,83759.68,Account Coordinator,
2016-02-03T20:02:40Z,341,Philip,Hanson,phanson9g@hao123.com,Male,21.32.41.157,,China,3/24/1978,161602.37,Social Worker,() { 0
2016-02-03T15:57:20Z,342,Alice,Harrison,aharrison9h@i2i.jp,Female,250.117.199.219,3578750148548643,China,2/8/1995,121573.25,Nurse,
2016-02-03T16:04:08Z,343,Rose,Montgomery,rmontgomery9i@gmpg.org,Female,138.39.73.161,,Sri Lanka,8/29/1956,48693.32,Professor,
2016-02-03T16:58:47Z,344,Joshua,Austin,jaustin9j@newsvine.com,Male,235.155.133.10,3537533318734767,China,11/5/1962,252594.23,Budget/Accounting Analyst III,
"2016-02-03T08:12:32Z,345,Beverly,Medina,bmedina9k@rakuten.co.jp,Female,175.172.233.241,349861552706835,Russia,6/7/1958,46916.28,Accounting Assistant I,""?®?? ????? ?????ú?¦ ?????????¦??????????, ?ª?ý???ñ?¦?? ???????¦???????? ?œ?? ??????. ??ø ???????? ???????¦???ñ ???¦???æ???? ?Ÿ????. ?œ?????? ?????ú?????????? ???ñ???ú????????-??ñ?????? ???? ?œ???ø. ?????????????? ??¦????????? ?????? ????, ???ø?Ÿ?ñ ???????????? ?œ?? ??????, ???????????? ?????????????? ??????ú?????? ???? ?????."""
2016-02-03T15:50:48Z,346,Frances,Gordon,fgordon9l@mozilla.org,Female,235.31.39.224,,France,9/9/1967,167210.78,Chemical Engineer,?ÿ???ÿ?ñ?ÿ??ÿñ??ÿñ??ÿý??ÿ?
2016-02-03T06:19:33Z,347,Christine,Dunn,cdunn9m@home.pl,Female,1.140.25.87,374288335966635,Luxembourg,7/16/1971,143816.5,Occupational Therapist,
2016-02-03T11:11:29Z,348,Amy,Andrews,aandrews9n@storify.com,Female,7.24.243.204,,Thailand,5/20/1966,87809.13,Operator,
2016-02-03T15:10:10Z,349,Samuel,Phillips,sphillips9o@dyndns.org,Male,204.219.45.118,6391375176440865,Peru,4/10/1965,165534.61,Assistant Media Planner,
2016-02-03T04:35:48Z,350,Kevin,Bishop,kbishop9p@unesco.org,Male,33.172.153.201,,Czech Republic,12/11/2000,29798.15,Accountant I,
2016-02-03T23:13:19Z,351,Wanda,Smith,wsmith9q@prweb.com,Female,27.156.107.61,67091085749919254,Indonesia,3/30/1989,97806.41,Tax Accountant,
2016-02-03T17:07:31Z,352,Randy,Olson,rolson9r@domainmarket.com,Male,205.100.45.4,5610066329779971,Indonesia,5/14/1963,138081.99,Payment Adjustment Coordinator,../../../../../../../../../../../etc/hosts
2016-02-03T10:40:20Z,353,Christopher,Garrett,cgarrett9s@gov.uk,Male,227.22.80.203,3589446799307929,Canada,5/23/1994,148825.47,Marketing Manager,
2016-02-03T10:46:22Z,354,Jeffrey,Marshall,jmarshall9t@omniture.com,Male,99.117.14.22,374622982544586,Indonesia,11/26/1993,47901.96,Clinical Specialist,
2016-02-03T16:02:21Z,355,Christina,Thomas,cthomas9u@elegantthemes.com,Female,178.187.31.138,4844393211243200,Philippines,1/16/1993,66456.87,Executive Secretary,
2016-02-03T15:04:30Z,356,Norma,Hill,nhill9v@europa.eu,Female,60.175.87.18,,Poland,,85508.82,,-1/2
2016-02-03T20:36:16Z,357,Rebecca,Webb,rwebb9w@nasa.gov,Female,101.148.167.58,503893519804460469,Burkina Faso,11/24/1990,114950.54,Nuclear Power Engineer,-1E+02
"2016-02-03T20:10:51Z,358,Katherine,Harrison,kharrison9x@livejournal.com,,145.115.164.11,5602247823636384,China,8/11/1960,,Accountant III,""?®?? ????? ?????ú?¦ ?????????¦??????????, ?ª?ý???ñ?¦?? ???????¦???????? ?œ?? ??????. ??ø ???????? ???????¦???ñ ???¦???æ???? ?Ÿ????. ?œ?????? ?????ú?????????? ???ñ???ú????????-??ñ?????? ???? ?œ???ø. ?????????????? ??¦????????? ?????? ????, ???ø?Ÿ?ñ ???????????? ?œ?? ??????, ???????????? ?????????????? ??????ú?????? ???? ?????."""
2016-02-03T03:57:40Z,359,Sharon,Garza,sgarza9y@free.fr,Female,65.23.82.148,4041374278836,Czech Republic,3/31/1966,24951.68,Professor,1/0
2016-02-03T19:25:21Z,360,Albert,Fuller,afuller9z@163.com,Male,122.59.1.212,3567718117404059,Philippines,,177415.14,,
2016-02-03T20:12:54Z,361,Howard,Tucker,htuckera0@cdc.gov,Male,37.17.13.196,3532363946685826,Philippines,3/7/2000,164723.77,Senior Sales Associate,
2016-02-03T11:03:41Z,362,Christopher,Kelley,ckelleya1@wix.com,Male,49.231.156.156,6333412799967569,Sweden,11/9/1981,268319.27,Internal Auditor,
2016-02-03T08:42:06Z,363,Martha,Ray,mraya2@amazon.com,Female,183.203.230.101,5596674533121118,Brazil,3/10/1974,107626.35,Professor,
2016-02-03T07:53:51Z,364,Gloria,Burton,gburtona3@nymag.com,Female,73.219.185.208,,Peru,,39139.25,,
2016-02-03T17:07:58Z,365,Craig,Stephens,cstephensa4@earthlink.net,Male,2.202.249.201,5641822678092207310,China,9/2/1959,271300.84,Graphic Designer,
2016-02-03T10:21:45Z,366,Andrea,Dixon,adixona5@nih.gov,Female,214.255.190.152,378570510106673,China,4/10/1985,210363.08,Engineer IV,
2016-02-03T01:24:31Z,367,Debra,Sanchez,dsancheza6@i2i.jp,Female,19.147.123.100,3554964084447672,Ukraine,11/16/1972,163535.84,Design Engineer,
2016-02-03T20:51:23Z,368,Dennis,Phillips,dphillipsa7@howstuffworks.com,Male,24.24.205.67,676115609946346589,Brazil,9/9/1981,15270.86,Marketing Manager,
2016-02-03T16:27:05Z,369,Willie,Schmidt,wschmidta8@zimbio.com,Male,218.234.112.34,,Indonesia,4/22/1980,227366.9,Data Coordiator,
2016-02-03T12:28:40Z,370,Roger,Gilbert,rgilberta9@businesswire.com,Male,46.96.123.235,,Finland,1/20/1999,16506.02,Analog Circuit Design manager,
2016-02-03T07:59:29Z,371,Cheryl,Perkins,cperkinsaa@reference.com,Female,167.189.62.57,3529998877553447,Sweden,11/20/1986,164259.17,Quality Engineer,
2016-02-03T02:25:12Z,372,Willie,Marshall,wmarshallab@ihg.com,Male,234.128.24.71,,China,12/27/1978,216595.18,Compensation Analyst,‡?ø„????????®??????„??????
2016-02-03T21:46:47Z,373,Carlos,Wells,cwellsac@posterous.com,Male,69.124.7.167,30302101196982,Indonesia,4/29/1987,247662.42,Electrical Engineer,
2016-02-03T23:27:32Z,374,Aaron,Snyder,asnyderad@geocities.jp,Male,227.242.114.51,3555712315316094,Mongolia,11/30/2000,277868.56,Project Manager,
"2016-02-03T00:06:50Z,375,Bruce,Gonzales,bgonzalesae@studiopress.com,Male,19.195.169.187,,Sweden,7/4/1993,118244.57,Human Resources Manager,""<>?:""""{}|_+"""
2016-02-03T03:16:02Z,376,Arthur,Gutierrez,agutierrezaf@tripadvisor.com,Male,196.63.198.53,5150648806189547,China,,268155.43,,
2016-02-03T21:29:14Z,377,Timothy,Fisher,tfisherag@walmart.com,Male,135.186.25.200,,Papua New Guinea,6/19/1997,96341.0,Account Executive,
2016-02-03T08:07:55Z,378,Annie,Crawford,acrawfordah@booking.com,Female,82.127.136.119,5610531439416715,Philippines,8/10/1995,135382.18,Technical Writer,
2016-02-03T12:22:26Z,379,Martha,Simmons,msimmonsai@tripadvisor.com,Female,8.141.39.185,,Russia,9/18/1978,92766.32,Staff Scientist,
2016-02-03T19:08:18Z,380,Stephanie,Lewis,slewisaj@usa.gov,Female,160.177.234.75,3565278704857096,Brazil,,17931.92,,
2016-02-03T07:12:15Z,381,Donna,Elliott,delliottak@virginia.edu,Female,232.64.161.168,201526258515882,Japan,,279624.98,,
2016-02-03T20:46:57Z,382,Betty,Myers,bmyersal@istockphoto.com,Female,114.68.81.159,6759594173748932474,China,11/24/1958,205132.28,Senior Financial Analyst,
2016-02-03T01:00:59Z,383,Beverly,Carter,bcarteram@wordpress.com,Female,4.251.6.51,3535631087457545,Indonesia,11/15/1982,272520.3,Compensation Analyst,
2016-02-03T14:23:23Z,384,Victor,Cunningham,vcunninghaman@mapy.cz,Male,211.58.176.112,5602219786393162,Serbia,10/22/1983,265265.73,Geologist II,
2016-02-03T05:36:04Z,385,Cheryl,Gordon,cgordonao@time.com,Female,123.105.43.61,,Russia,3/30/1957,98200.01,Nuclear Power Engineer,
2016-02-03T22:49:11Z,386,Phillip,Thompson,pthompsonap@bbc.co.uk,Male,236.2.8.45,,Portugal,10/17/1961,234028.75,Pharmacist,
2016-02-03T07:10:16Z,387,Christine,Sanchez,csanchezaq@topsy.com,Female,59.49.142.74,3576491980510068,Brazil,9/4/1983,168161.22,Budget/Accounting Analyst II,null
2016-02-03T22:29:30Z,388,Daniel,Ramos,dramosar@51.la,Male,237.99.144.44,6370456136542852,South Africa,7/28/1979,45920.63,Software Consultant,
2016-02-03T19:00:51Z,389,Chris,Campbell,ccampbellas@examiner.com,Male,248.151.93.172,,Russia,10/27/1979,200958.14,VP Sales,
2016-02-03T03:51:20Z,390,Louis,Lane,llaneat@cbsnews.com,Male,165.234.224.36,,Indonesia,11/24/1987,75888.06,Research Nurse,../../../../../../../../../../../etc/passwd%00
2016-02-03T06:22:25Z,391,Denise,Flores,dfloresau@usgs.gov,Female,137.181.3.11,,Belarus,,163436.24,,
2016-02-03T05:22:45Z,392,Carlos,Robertson,crobertsonav@diigo.com,Male,155.152.141.115,,France,12/6/1964,245592.99,Librarian,
2016-02-03T07:51:36Z,393,Martin,Peters,mpetersaw@gizmodo.com,Male,231.236.160.19,4041599580312308,Brazil,4/12/1973,56293.41,Accountant I,
2016-02-03T10:06:23Z,394,Cynthia,Jackson,cjacksonax@jalbum.net,Female,239.23.163.128,3576062105890790,Indonesia,3/16/1963,18284.49,Geologist III,
2016-02-03T02:44:01Z,395,Matthew,Moore,mmooreay@squidoo.com,Male,120.50.139.180,4903751473036214329,Indonesia,10/4/1967,177269.3,Paralegal,
"2016-02-03T21:30:25Z,396,Katherine,Mcdonald,kmcdonaldaz@geocities.jp,Female,181.101.70.209,201638358466823,Spain,11/21/1979,150158.33,Analyst Programmer,""'""""'"""
2016-02-03T20:59:59Z,397,Aaron,Lane,alaneb0@telegraph.co.uk,Male,252.206.11.228,5100138176742522,Canada,11/16/1966,101833.88,Account Representative II,
2016-02-03T18:42:47Z,398,,Flores,,Female,143.70.213.238,3586114998036771,Philippines,10/14/1960,51950.58,Civil Engineer,
2016-02-03T14:33:40Z,399,Fred,Patterson,fpattersonb2@unesco.org,Male,120.231.10.220,,China,9/18/1990,21959.79,Health Coach III,
2016-02-03T22:31:42Z,400,Carlos,Jacobs,cjacobsb3@blogs.com,Male,197.87.155.154,67092427963378644,Bangladesh,10/13/1962,89258.41,GIS Technical Architect,
2016-02-03T17:40:49Z,401,,Turner,,Female,199.251.4.147,63044729477229207,Philippines,11/8/1995,39195.46,Chief Design Engineer,
2016-02-03T07:53:15Z,402,Denise,Brooks,dbrooksb5@issuu.com,Female,248.61.205.91,3586683869506500,Poland,8/16/1961,196144.17,Accounting Assistant II,
2016-02-03T11:06:04Z,403,Sean,Sanders,ssandersb6@ifeng.com,Male,248.184.140.12,,China,10/9/1979,86521.84,Actuary,
2016-02-03T17:05:08Z,404,,Flores,,Male,51.92.27.244,3564595915874466,Japan,8/18/1980,227502.55,Actuary,
2016-02-03T13:06:39Z,405,Gloria,Morrison,gmorrisonb8@mail.ru,Female,70.162.172.92,5100148350205014,Poland,3/9/1996,114445.23,Quality Engineer,
2016-02-03T15:22:15Z,406,William,Simmons,wsimmonsb9@prweb.com,Male,129.126.240.72,6304420177511219,Russia,7/2/1955,197654.56,Executive Secretary,
2016-02-03T14:32:34Z,407,Brenda,Berry,bberryba@blogger.com,,46.61.210.251,374260362103747,Indonesia,3/18/1993,,Systems Administrator I,
2016-02-03T19:12:32Z,408,Diane,Howard,dhowardbb@t-online.de,Female,157.85.249.19,3554581879289281,France,8/19/1960,156089.8,Marketing Manager,
2016-02-03T09:38:48Z,409,Paula,Lawson,plawsonbc@shinystat.com,Female,232.236.75.14,,China,9/1/1985,78643.95,Programmer II,
2016-02-03T16:49:00Z,410,Kelly,Nguyen,knguyenbd@google.co.uk,Female,150.16.62.11,,Philippines,9/27/1963,194611.56,Office Assistant III,
2016-02-03T02:46:05Z,411,Dorothy,Payne,dpaynebe@tinypic.com,Female,10.47.111.83,4913509620296127,China,,108774.52,,NIL
2016-02-03T07:49:21Z,412,Jeffrey,Green,jgreenbf@soundcloud.com,Male,176.25.192.182,,Brazil,,32792.52,,
2016-02-03T03:00:36Z,413,Dennis,Wallace,dwallacebg@disqus.com,Male,186.2.104.72,5583240182375515,Russia,,241268.34,,
2016-02-03T20:42:36Z,414,Clarence,Perez,cperezbh@quantcast.com,Male,205.24.106.91,,Macedonia,8/19/1995,213025.8,Engineer IV,
2016-02-03T14:05:06Z,415,Donald,Fowler,dfowlerbi@paypal.com,Male,199.189.213.164,30343325514527,France,10/7/1965,235677.36,Payment Adjustment Coordinator,
2016-02-03T09:31:35Z,416,Terry,Medina,tmedinabj@freewebs.com,Male,215.48.80.161,6762375972885387882,Costa Rica,10/21/1980,253339.32,Quality Control Specialist,
2016-02-03T07:47:36Z,417,John,Johnston,jjohnstonbk@clickbank.net,Male,141.18.205.252,,Peru,3/9/1977,134104.24,Structural Engineer,
2016-02-03T23:00:51Z,418,Judith,Kennedy,jkennedybl@cargocollective.com,Female,30.167.202.43,3538831339483458,Philippines,10/27/1960,119457.8,Help Desk Technician,
2016-02-03T03:24:11Z,419,Michael,Nelson,mnelsonbm@phpbb.com,Male,53.74.53.39,3535733705862237,Russia,10/28/1998,15592.05,General Manager,???
2016-02-03T21:16:43Z,420,Ernest,Ross,erossbn@vinaora.com,Male,90.66.160.205,3545336479432233,Peru,2/22/1970,279008.12,Senior Developer,
2016-02-03T05:54:30Z,421,Marie,Bailey,mbaileybo@google.ca,Female,44.230.73.88,,Russia,11/19/1999,241297.92,Web Designer I,
2016-02-03T09:46:15Z,422,Arthur,Anderson,aandersonbp@mlb.com,Male,181.87.112.104,3549217488428790,Sweden,2/26/1964,145109.54,Physical Therapy Assistant,<script>alert('hi')</script>
2016-02-03T16:32:36Z,423,Theresa,Lawrence,tlawrencebq@china.com.cn,Female,127.189.199.40,6771600305307320496,China,5/10/1969,257957.99,Senior Developer,/dev/null
2016-02-03T13:01:40Z,424,Jesse,Kim,jkimbr@sbwire.com,Male,3.112.44.133,,Mongolia,11/18/1993,13574.77,Senior Cost Accountant,
2016-02-03T23:59:55Z,425,Ashley,Miller,amillerbs@uiuc.edu,Female,130.173.48.9,5212745399860405,Sweden,3/15/1964,206566.95,Information Systems Manager,
2016-02-03T12:22:59Z,426,Lois,Green,lgreenbt@1688.com,,39.174.95.97,5100146457712544,Bulgaria,2/22/1955,,Health Coach III,
2016-02-03T01:19:44Z,427,Christina,Moore,cmoorebu@homestead.com,Female,40.108.58.73,372301086612555,South Korea,11/11/1967,197529.02,VP Sales,
2016-02-03T01:08:10Z,428,Dennis,Marshall,dmarshallbv@bloglines.com,,51.104.218.177,3544646067494556,Pakistan,,,,
2016-02-03T06:09:25Z,429,Antonio,Butler,abutlerbw@tinypic.com,Male,146.200.93.153,3533907959399227,Chile,11/19/1965,22784.58,Director of Sales,
2016-02-03T21:16:11Z,430,Katherine,Morris,kmorrisbx@unc.edu,Female,91.157.18.30,,Russia,,171353.17,,
2016-02-03T03:37:39Z,431,Todd,Nichols,tnicholsby@shutterfly.com,Male,57.27.103.0,30408432825445,Sweden,2/1/1980,249731.91,Software Consultant,
2016-02-03T09:55:21Z,432,Michael,Ramos,mramosbz@businessweek.com,Male,111.130.199.201,,Czech Republic,7/24/1975,234820.44,Senior Editor,
2016-02-03T10:31:45Z,433,Emily,Davis,edavisc0@nature.com,Female,221.96.186.104,3538949049370508,Chile,,29190.39,,
2016-02-03T06:21:02Z,434,Philip,Brown,pbrownc1@cnn.com,Male,115.248.39.24,5602222742867476399,Indonesia,2/1/1982,223140.16,Pharmacist,0‹?ƒŸœ 1‹?ƒŸœ 2‹?ƒŸœ 3‹?ƒŸœ 4‹?ƒŸœ 5‹?ƒŸœ 6‹?ƒŸœ 7‹?ƒŸœ 8‹?ƒŸœ 9‹?ƒŸœ ????
2016-02-03T04:29:53Z,435,Jean,Dixon,jdixonc2@wiley.com,Female,52.19.75.163,3568614464534896,Indonesia,8/26/1999,81578.38,Administrative Officer,
2016-02-03T10:59:37Z,436,Judith,Harper,jharperc3@uiuc.edu,Female,179.57.93.76,,Azerbaijan,7/18/1989,48144.45,Research Nurse,
2016-02-03T12:24:52Z,437,Virginia,Robinson,vrobinsonc4@opensource.org,Female,148.213.54.195,3567035727522042,China,6/27/1995,24623.44,Senior Sales Associate,
2016-02-03T20:55:03Z,438,Debra,Ward,dwardc5@ibm.com,Female,58.24.94.186,3546209167111360,China,3/22/1961,281518.5,Accounting Assistant III,
2016-02-03T21:56:43Z,439,Jessica,Hansen,jhansenc6@hibu.com,Female,114.207.24.222,3586133550435528,China,10/15/2000,232876.5,Budget/Accounting Analyst I,
2016-02-03T05:22:41Z,440,James,Mitchell,jmitchellc7@amazon.co.jp,Male,125.122.154.46,,Morocco,,121560.76,,
2016-02-03T04:49:05Z,441,Karen,Taylor,ktaylorc8@mozilla.com,Female,69.128.123.54,,Germany,1/6/1961,132289.77,Systems Administrator IV,
2016-02-03T21:22:09Z,442,Anna,Wright,awrightc9@barnesandnoble.com,Female,214.162.8.116,5602224151479331,Turkey,6/30/1988,166409.44,Food Chemist,
2016-02-03T13:09:27Z,443,Cynthia,Medina,cmedinaca@mac.com,Female,173.163.207.190,63040619654356937,China,3/22/1998,72728.15,Research Associate,ƒ????¨ ???¦??¨ ?????¨ ??????¨ ?????¨ ?????¨
2016-02-03T04:29:13Z,444,Carlos,Daniels,cdanielscb@yahoo.co.jp,Male,134.129.75.107,6374091369678788,France,3/7/1957,111361.12,Assistant Professor,
2016-02-03T19:51:22Z,445,Eugene,Warren,ewarrencc@cargocollective.com,Male,51.234.145.140,,Japan,12/23/1971,166435.27,Product Engineer,???????????‹œ¨??????ƒ?Ÿ
2016-02-03T18:00:42Z,446,Ruby,Morales,rmoralescd@tinyurl.com,Female,94.197.66.141,4911029986060968717,Brazil,,77727.13,,
2016-02-03T08:37:11Z,447,Susan,Wright,swrightce@phpbb.com,Female,158.221.129.67,3538274178619124,Cameroon,6/26/1988,220722.0,Computer Systems Analyst II,null
2016-02-03T19:43:41Z,448,Brandon,Bowman,bbowmancf@smh.com.au,Male,167.73.114.192,5020269739552384,China,9/15/1991,59133.93,Nurse Practicioner,
2016-02-03T23:49:51Z,449,Eugene,Barnes,ebarnescg@com.com,Male,229.93.151.137,3553591137053990,Democratic Republic of the Congo,1/4/1987,193580.95,Occupational Therapist,`ƒ?ƒ?ªƒ??ƒ?§‹ª‹ª?ƒ?­?ø?úƒ??ƒ???ñ
2016-02-03T19:13:28Z,450,Stephen,Roberts,srobertsch@mlb.com,Male,88.3.154.96,374288286865273,China,5/4/1986,204807.62,Research Assistant I,
2016-02-03T16:48:15Z,451,Alice,Hanson,ahansonci@desdev.cn,Female,163.161.206.64,3567645893796020,China,1/8/1981,279777.18,Director of Sales,
2016-02-03T21:25:07Z,452,Sean,Nguyen,snguyencj@people.com.cn,Male,103.178.236.64,3560410915622416,Palestinian Territory,10/9/1978,76450.89,Safety Technician II,
2016-02-03T02:55:35Z,453,Jeremy,Bennett,jbennettck@wikipedia.org,Male,71.121.147.111,4917993857045058,Nigeria,1/19/1967,193301.99,Account Coordinator,
2016-02-03T12:40:33Z,454,Ashley,Crawford,acrawfordcl@weather.com,Female,61.81.102.117,3563365997409370,Vietnam,,264109.73,,
2016-02-03T19:23:56Z,455,Wanda,Hall,whallcm@archive.org,Female,163.178.170.105,,Portugal,5/6/1960,34494.7,Research Assistant I,
2016-02-03T14:26:40Z,456,Carlos,Day,cdaycn@gravatar.com,Male,129.183.83.98,4913858764328364,Nigeria,6/16/1968,175537.91,Pharmacist,???? ???? ???? ???? ???? ???? ???? ???
2016-02-03T08:57:09Z,457,Kathleen,Garrett,kgarrettco@elpais.com,Female,148.94.190.195,3589985865366657,Palestinian Territory,,113920.64,,
2016-02-03T19:58:21Z,458,George,Graham,ggrahamcp@princeton.edu,Male,210.236.60.217,3582240297780076,Canada,8/4/1966,253248.63,Professor,
2016-02-03T10:50:28Z,459,Roy,Smith,rsmithcq@bing.com,Male,71.225.48.2,3545748970676763,Venezuela,9/22/1964,262822.78,Editor,
2016-02-03T07:26:20Z,460,Julie,Gonzalez,jgonzalezcr@chronoengine.com,Female,194.152.250.111,5602222810964768,Brazil,6/28/1978,34805.84,Clinical Specialist,??nb ??l u’Ÿ? €?olop ??€ €?oql ??n ??unp ??p ???u ?? ?od?€?? po?sn ??€ op p€s '?? ??l€ ’Ÿu ???s ??d ??p ?n??€???€suo? '??€? ?? ??s ?olop ?nsd ?? ?€?o?
2016-02-03T03:55:27Z,461,Cynthia,Harris,charriscs@360.cn,Female,201.129.220.1,,Haiti,10/18/1977,264459.67,Human Resources Manager,
2016-02-03T17:24:33Z,462,Anthony,Edwards,aedwardsct@cargocollective.com,Male,117.188.144.16,3576493457619794,Indonesia,2/19/1984,283517.64,Assistant Professor,
2016-02-03T05:21:46Z,463,Virginia,Wright,vwrightcu@fc2.com,Female,227.110.202.213,,Philippines,2/25/1960,265291.91,Assistant Manager,
2016-02-03T01:31:52Z,464,Kathryn,Johnson,kjohnsoncv@myspace.com,Female,213.65.115.155,,China,,86246.0,,
2016-02-03T23:52:41Z,465,Patricia,Freeman,pfreemancw@theatlantic.com,,137.16.2.230,3589291582981427,China,8/3/1968,,Accountant II,
2016-02-03T03:23:50Z,466,Frances,Bradley,fbradleycx@google.fr,Female,23.179.197.132,,Portugal,10/17/1963,68686.54,Human Resources Assistant IV,
2016-02-03T08:15:40Z,467,Joyce,Carpenter,jcarpentercy@tamu.edu,Female,122.240.54.87,4026953290166042,Argentina,,271799.8,,
2016-02-03T19:31:58Z,468,Lawrence,West,lwestcz@deviantart.com,Male,177.25.125.114,6706760916902971509,Indonesia,11/29/1971,59690.79,Physical Therapy Assistant,
2016-02-03T19:16:56Z,469,Dorothy,Wallace,dwallaced0@trellian.com,Female,118.191.55.183,,Laos,2/18/1990,84693.74,Staff Scientist,??™???™ø?¦™???test?????æ??????¦ ?????¦????????
2016-02-03T21:59:29Z,470,Diane,Edwards,dedwardsd1@unc.edu,Female,148.201.207.245,3555968091580705,Kiribati,,235606.76,,../../../../../../../../../../../etc/hosts
2016-02-03T10:39:28Z,471,Phillip,Ramirez,pramirezd2@digg.com,Male,221.183.94.98,560223107272057073,Russia,12/23/1982,83147.41,Media Manager I,
2016-02-03T01:21:58Z,472,Joyce,Boyd,jboydd3@cdc.gov,Female,23.77.220.251,374283300223435,Japan,9/14/1975,66514.52,Librarian,
2016-02-03T17:37:12Z,473,Daniel,Cook,dcookd4@theglobeandmail.com,Male,238.40.52.231,,China,6/24/1971,279373.0,Automation Specialist IV,
2016-02-03T04:50:16Z,474,Kathleen,Matthews,kmatthewsd5@myspace.com,Female,151.0.187.152,,Indonesia,12/25/1996,242298.31,Marketing Manager,
2016-02-03T00:24:05Z,475,Richard,Howell,rhowelld6@springer.com,Male,176.182.155.97,,Central African Republic,,138775.31,,ƒ?¦ƒ?¦testƒ?¦
2016-02-03T11:09:51Z,476,Anne,Garza,agarzad7@dot.gov,,81.47.79.73,,China,10/6/1976,,Office Assistant III,
2016-02-03T22:14:37Z,477,Fred,Hamilton,fhamiltond8@intel.com,Male,159.102.1.66,675903849197748756,Czech Republic,11/13/1972,136458.61,Human Resources Assistant IV,?­??????I???????n??????v???®ok?ý?®????i?????????ÿ??n?­?¯???œ?§g?ý?????????ª?? ?øt????h???ýe?›?? ??ª?ý??f???????œe????e?œ???l??????i?ÿ??????n???????????g? ??o?­???¦f???œ?ª ????????????c?????®??????????h?æ???œ????a????¬????o?¬?œ?s?›?ñ???§?????¯.???????ÿ?®?ø
2016-02-03T03:18:01Z,478,Gary,Dixon,gdixond9@uol.com.br,Male,69.225.242.189,201583087774867,Colombia,4/21/1987,82219.61,Sales Associate,
2016-02-03T12:21:54Z,479,Joseph,Gordon,jgordonda@trellian.com,Male,140.193.192.82,3533495991170988,Indonesia,6/30/1960,262448.45,Health Coach II,
2016-02-03T02:19:07Z,480,Dennis,Freeman,dfreemandb@harvard.edu,Male,217.231.117.55,5100179612441741,Canada,12/20/1955,166307.76,Geological Engineer,
2016-02-03T15:21:22Z,481,Alan,Grant,agrantdc@icq.com,Male,34.203.220.250,5553179283273185,China,5/9/1973,19015.68,Senior Sales Associate,
2016-02-03T06:41:35Z,482,Joshua,Hart,jhartdd@google.com.br,Male,58.106.184.65,4844573808590291,China,12/5/1987,192652.33,Staff Accountant I,
2016-02-03T03:24:01Z,483,Wayne,Morales,wmoralesde@princeton.edu,Male,99.159.168.233,5529646784791783,Poland,2/27/1969,194143.4,Statistician II,
2016-02-03T08:11:42Z,484,Susan,Howell,showelldf@mail.ru,Female,180.251.150.216,4508671822920325,Russia,6/28/1991,282494.15,Health Coach IV,
2016-02-03T19:47:20Z,485,Mary,Mills,mmillsdg@dmoz.org,Female,241.189.137.163,,France,7/19/1956,47495.32,Executive Secretary,
2016-02-03T13:20:08Z,486,Kimberly,Tucker,ktuckerdh@tinypic.com,Female,53.254.213.187,6304686482568989710,Portugal,7/24/1972,231726.14,Teacher,
2016-02-03T17:12:27Z,487,Cynthia,King,ckingdi@chronoengine.com,Female,181.187.200.184,201584190670505,China,12/18/1982,102377.28,Analyst Programmer,
2016-02-03T09:37:23Z,488,Jimmy,Morgan,jmorgandj@guardian.co.uk,Male,218.70.248.181,3553642320616265,Bulgaria,11/6/1975,68571.57,Statistician II,??????«
2016-02-03T20:11:36Z,489,Jack,Reid,jreiddk@netscape.com,,89.69.181.55,633470733803537591,Indonesia,2/5/1955,,Dental Hygienist,
2016-02-03T04:56:34Z,490,Sean,Gilbert,sgilbertdl@jiathis.com,,110.116.116.19,30358917640027,China,9/8/1985,,Help Desk Technician,
2016-02-03T07:12:34Z,491,Daniel,Jacobs,djacobsdm@theglobeandmail.com,,26.226.225.217,3564060999522945,Poland,2/17/1984,,Registered Nurse,
2016-02-03T08:06:13Z,492,Ashley,Day,adaydn@globo.com,Female,27.37.27.131,3564312242566967,Indonesia,7/20/1962,179035.39,Web Developer I,
2016-02-03T11:32:52Z,493,Anne,Warren,awarrendo@oaic.gov.au,Female,36.74.153.243,3538261440495771,United States,,76983.81,,
2016-02-03T06:50:09Z,494,Peter,Long,plongdp@mtv.com,Male,189.181.37.140,675956385423905304,China,8/26/1967,191792.39,Staff Scientist,
2016-02-03T14:52:48Z,495,Sara,Russell,srusselldq@psu.edu,Female,21.140.62.228,3585829519362023,Libya,8/4/1980,73465.77,Internal Auditor,-1.00
2016-02-03T10:39:21Z,496,Alice,Flores,afloresdr@com.com,Female,0.14.221.162,5231082347959049,France,11/14/1960,274191.96,Office Assistant I,
2016-02-03T13:08:08Z,497,Harry,Howell,hhowellds@bbc.co.uk,Male,180.47.176.249,3583772369975787,Brazil,12/31/1980,275697.75,Food Chemist,../../../../../../../../../../../etc/passwd%00
2016-02-03T08:28:10Z,498,Chris,Bennett,cbennettdt@elpais.com,Male,87.163.119.127,372301876412000,China,,172932.61,,
2016-02-03T01:25:13Z,499,Debra,Parker,dparkerdu@foxnews.com,Female,171.146.151.182,5108753314107487,Philippines,6/12/1997,236136.96,Actuary,
